#
# There is insufficient memory for the Java Runtime Environment to continue.
# Native memory allocation (mmap) failed to map 360710144 bytes for G1 virtual space
# Possible reasons:
#   The system is out of physical RAM or swap space
#   The process is running with CompressedOops enabled, and the Java Heap may be blocking the growth of the native heap
# Possible solutions:
#   Reduce memory load on the system
#   Increase physical memory or swap space
#   Check if swap backing store is full
#   Decrease Java heap size (-Xmx/-Xms)
#   Decrease number of Java threads
#   Decrease Java thread stack sizes (-Xss)
#   Set larger code cache with -XX:ReservedCodeCacheSize=
#   JVM is running with Zero Based Compressed Oops mode in which the Java heap is
#     placed in the first 32GB address space. The Java Heap base address is the
#     maximum limit for the native heap growth. Please use -XX:HeapBaseMinAddress
#     to set the Java Heap base and to place the Java Heap above 32GB virtual address.
# This output file may be truncated or incomplete.
#
#  Out of Memory Error (os_windows.cpp:3769), pid=8612, tid=6524
#
# JRE version: OpenJDK Runtime Environment (17.0.6) (build 17.0.6+0-b2043.56-10027231)
# Java VM: OpenJDK 64-Bit Server VM (17.0.6+0-b2043.56-10027231, mixed mode, tiered, compressed oops, compressed class ptrs, g1 gc, windows-amd64)
# No core dump will be written. Minidumps are not enabled by default on client versions of Windows
#

---------------  S U M M A R Y ------------

Command Line: --add-opens=java.base/java.util=ALL-UNNAMED --add-opens=java.base/java.lang=ALL-UNNAMED --add-opens=java.base/java.lang.invoke=ALL-UNNAMED --add-opens=java.prefs/java.util.prefs=ALL-UNNAMED --add-opens=java.base/java.nio.charset=ALL-UNNAMED --add-opens=java.base/java.net=ALL-UNNAMED --add-opens=java.base/java.util.concurrent.atomic=ALL-UNNAMED -Xmx4608m -Dfile.encoding=UTF-8 -Duser.country=RU -Duser.language=ru -Duser.variant org.gradle.launcher.daemon.bootstrap.GradleDaemon 8.0

Host: AMD Ryzen 5 5600H with Radeon Graphics         , 12 cores, 5G,  Windows 10 , 64 bit Build 19041 (10.0.19041.3636)
Time: Wed Jan 24 01:06:21 2024 RTZ 2 (s 10 , 64 bit Build 19041 (10.0.19041.3636) elapsed time: 1097.117323 seconds (0d 0h 18m 17s)

---------------  T H R E A D  ---------------

Current thread (0x0000025751b22c00):  VMThread "VM Thread" [stack: 0x000000fbeea00000,0x000000fbeeb00000] [id=6524]

Stack: [0x000000fbeea00000,0x000000fbeeb00000]
Native frames: (J=compiled Java code, j=interpreted, Vv=VM code, C=native code)
V  [jvm.dll+0x683c9a]
V  [jvm.dll+0x8427a4]
V  [jvm.dll+0x843f9e]
V  [jvm.dll+0x844603]
V  [jvm.dll+0x249b75]
V  [jvm.dll+0x680b69]
V  [jvm.dll+0x67505a]
V  [jvm.dll+0x309acb]
V  [jvm.dll+0x310f86]
V  [jvm.dll+0x3608ee]
V  [jvm.dll+0x360b1f]
V  [jvm.dll+0x2dfbf8]
V  [jvm.dll+0x2ddec4]
V  [jvm.dll+0x2dd4cc]
V  [jvm.dll+0x321f3b]
V  [jvm.dll+0x848ccb]
V  [jvm.dll+0x849a04]
V  [jvm.dll+0x849f1d]
V  [jvm.dll+0x84a2f4]
V  [jvm.dll+0x84a3c0]
V  [jvm.dll+0x7f274a]
V  [jvm.dll+0x682ad5]
C  [ucrtbase.dll+0x21bb2]
C  [KERNEL32.DLL+0x17344]
C  [ntdll.dll+0x526b1]

VM_Operation (0x000000fbfc4fd830): G1CollectForAllocation, mode: safepoint, requested by thread 0x00000257553b4250


---------------  P R O C E S S  ---------------

Threads class SMR info:
_java_thread_list=0x000002575d7ee7e0, length=227, elements={
0x000002572fa72df0, 0x0000025751b27090, 0x0000025751b5aa10, 0x0000025751b45fb0,
0x0000025751b75f10, 0x0000025751b767d0, 0x0000025751b77830, 0x0000025751b7e440,
0x0000025751b7edf0, 0x00000257525357f0, 0x0000025752693cc0, 0x0000025752698dd0,
0x0000025753e80bd0, 0x0000025754cf7ad0, 0x0000025754c7ecd0, 0x0000025754eff0b0,
0x0000025754efe240, 0x0000025754f00d90, 0x0000025754eff580, 0x0000025754efd3d0,
0x0000025754efff20, 0x0000025756641fc0, 0x0000025756647b30, 0x0000025756646320,
0x0000025756646cc0, 0x00000257566437d0, 0x0000025756644170, 0x00000257566489a0,
0x0000025758717a30, 0x0000025758717f00, 0x00000257587183d0, 0x000002575871c260,
0x00000257587188a0, 0x0000025758719be0, 0x0000025758718d70, 0x000002575871af20,
0x0000025759ff24b0, 0x0000025754d01810, 0x00000257553b2a40, 0x00000257559b96f0,
0x0000025758b3d530, 0x0000025758b114d0, 0x0000025758118570, 0x0000025754de5b80,
0x000002575d195930, 0x0000025753fe2110, 0x00000257587e23a0, 0x0000025753fe25e0,
0x0000025753fe3450, 0x000002575d3ebc40, 0x00000257581f2e10, 0x0000025758b40080,
0x0000025755b63850, 0x0000025755b7b000, 0x0000025755b7b9a0, 0x0000025755b7c340,
0x0000025755504a40, 0x0000025755503230, 0x0000025755503700, 0x0000025755504f10,
0x0000025755506720, 0x0000025755503bd0, 0x00000257555053e0, 0x00000257555058b0,
0x0000025755505d80, 0x0000025755506250, 0x000002575d91f370, 0x000002575d922860,
0x000002575d9219f0, 0x000002575d921050, 0x000002575d921ec0, 0x000002575d9201e0,
0x000002575d91eea0, 0x000002575d9206b0, 0x000002575d91f840, 0x000002575d91fd10,
0x000002575d920b80, 0x0000025755ee1490, 0x0000025755ee3fe0, 0x0000025755ee2ca0,
0x0000025755ee3170, 0x0000025755ee0fc0, 0x0000025755ee1960, 0x0000025755ee3b10,
0x0000025755ee3640, 0x0000025755ee44b0, 0x0000025755ee1e30, 0x0000025755ee0af0,
0x0000025755ee2300, 0x0000025755ee27d0, 0x000002575dc11530, 0x000002575dc12870,
0x000002575dc14a20, 0x000002575dc12d40, 0x000002575dc13210, 0x000002575dc14080,
0x000002575dc136e0, 0x000002575dc14550, 0x000002575dc13bb0, 0x000002575dc11060,
0x000002575dc11a00, 0x000002575dc11ed0, 0x000002575dc123a0, 0x000002575262ca60,
0x0000025752629a40, 0x000002575262bbf0, 0x000002575262c0c0, 0x000002575262c590,
0x000002575262a3e0, 0x00000257526290a0, 0x0000025752629570, 0x0000025752629f10,
0x000002575262a8b0, 0x000002575262ad80, 0x000002575262b250, 0x000002575262b720,
0x0000025758250080, 0x0000025755b78980, 0x0000025752d3ba50, 0x0000025752d3b0b0,
0x0000025753fe0430, 0x000002575cda2480, 0x000002575cda4b00, 0x000002575cda32f0,
0x000002575cda4160, 0x000002575cda37c0, 0x000002575cda54a0, 0x000002575cda2950,
0x000002575cda3c90, 0x000002575cda1fb0, 0x000002575cda2e20, 0x000002575cda4630,
0x00000257581163c0, 0x0000025758115080, 0x0000025758115550, 0x0000025758117700,
0x0000025758115a20, 0x0000025758116d60, 0x0000025758115ef0, 0x000002575824d530,
0x000002575824f6e0, 0x000002575824ded0, 0x000002575824fbb0, 0x000002575824ed40,
0x0000025758250550, 0x000002575824e870, 0x000002575824da00, 0x0000025758250a20,
0x000002575824d060, 0x000002575824f210, 0x0000025753fe3920, 0x0000025753fe2ab0,
0x0000025753fe2f80, 0x0000025753fdff60, 0x0000025753fe1770, 0x0000025753fe0900,
0x0000025753fe0dd0, 0x0000025753fe12a0, 0x0000025753fe1c40, 0x000002576153dd20,
0x000002576153c040, 0x000002576153c510, 0x000002576153c9e0, 0x000002576153ceb0,
0x000002576153e1f0, 0x000002576153d380, 0x000002576153d850, 0x000002576153f530,
0x000002576153e6c0, 0x000002576153eb90, 0x000002576153f060, 0x000002576153fa00,
0x000002575824e3a0, 0x00000257589ec1d0, 0x00000257589eae90, 0x00000257589ed040,
0x00000257589eb830, 0x00000257589eb360, 0x00000257589edeb0, 0x00000257589ed9e0,
0x00000257589ebd00, 0x00000257589ec6a0, 0x00000257589ea4f0, 0x0000025757de28d0,
0x000002575d592d40, 0x0000025755b7b4d0, 0x0000025762343b00, 0x0000025755b77fe0,
0x0000025755b7d680, 0x0000025755b75e30, 0x0000025755b78e50, 0x0000025755b7be70,
0x0000025755b77640, 0x0000025755b7cce0, 0x0000025755b7db50, 0x0000025755b77170,
0x0000025755b7a660, 0x0000025755b76300, 0x0000025755b7c810, 0x0000025755b7e020,
0x0000025755b79320, 0x0000025752d3bf20, 0x0000025752d3c8c0, 0x00000257553b33e0,
0x00000257553b38b0, 0x00000257553b4250, 0x00000257553b4bf0, 0x000002576166d110,
0x000002576166c2a0, 0x000002575e20e3e0, 0x000002575e20e8b0, 0x000002575d3ec110,
0x0000025755b60d00, 0x0000025755b611d0, 0x0000025755b62eb0, 0x0000025758b119a0,
0x00000257553b6400, 0x0000025755b767d0, 0x000002576166b900, 0x00000257559b7ee0,
0x000002575d3ec5e0, 0x0000025755b7e4f0, 0x0000025758b40a20, 0x000002575d3ecab0,
0x0000025755b806a0, 0x000002576166bdd0, 0x0000025755b7e9c0
}

Java Threads: ( => current thread )
  0x000002572fa72df0 JavaThread "main" [_thread_blocked, id=16240, stack(0x000000fbee400000,0x000000fbee500000)]
  0x0000025751b27090 JavaThread "Reference Handler" daemon [_thread_blocked, id=9468, stack(0x000000fbeeb00000,0x000000fbeec00000)]
  0x0000025751b5aa10 JavaThread "Finalizer" daemon [_thread_blocked, id=7268, stack(0x000000fbeec00000,0x000000fbeed00000)]
  0x0000025751b45fb0 JavaThread "Signal Dispatcher" daemon [_thread_blocked, id=3608, stack(0x000000fbeed00000,0x000000fbeee00000)]
  0x0000025751b75f10 JavaThread "Attach Listener" daemon [_thread_blocked, id=15348, stack(0x000000fbeee00000,0x000000fbeef00000)]
  0x0000025751b767d0 JavaThread "Service Thread" daemon [_thread_blocked, id=9744, stack(0x000000fbeef00000,0x000000fbef000000)]
  0x0000025751b77830 JavaThread "Monitor Deflation Thread" daemon [_thread_blocked, id=17152, stack(0x000000fbef000000,0x000000fbef100000)]
  0x0000025751b7e440 JavaThread "C2 CompilerThread0" daemon [_thread_blocked, id=10516, stack(0x000000fbef100000,0x000000fbef200000)]
  0x0000025751b7edf0 JavaThread "C1 CompilerThread0" daemon [_thread_blocked, id=7024, stack(0x000000fbef200000,0x000000fbef300000)]
  0x00000257525357f0 JavaThread "Sweeper thread" daemon [_thread_blocked, id=13992, stack(0x000000fbef300000,0x000000fbef400000)]
  0x0000025752693cc0 JavaThread "Common-Cleaner" daemon [_thread_blocked, id=7736, stack(0x000000fbef400000,0x000000fbef500000)]
  0x0000025752698dd0 JavaThread "Notification Thread" daemon [_thread_blocked, id=13824, stack(0x000000fbef500000,0x000000fbef600000)]
  0x0000025753e80bd0 JavaThread "Daemon health stats" [_thread_blocked, id=17288, stack(0x000000fbefc00000,0x000000fbefd00000)]
  0x0000025754cf7ad0 JavaThread "Incoming local TCP Connector on port 59620" [_thread_in_native, id=13556, stack(0x000000fbf0000000,0x000000fbf0100000)]
  0x0000025754c7ecd0 JavaThread "Daemon periodic checks" [_thread_blocked, id=15192, stack(0x000000fbf0100000,0x000000fbf0200000)]
  0x0000025754eff0b0 JavaThread "Cache worker for journal cache (C:\Users\grigo\.gradle\caches\journal-1)" [_thread_blocked, id=14668, stack(0x000000fbf0d00000,0x000000fbf0e00000)]
  0x0000025754efe240 JavaThread "File lock request listener" [_thread_in_native, id=14204, stack(0x000000fbf0e00000,0x000000fbf0f00000)]
  0x0000025754f00d90 JavaThread "Cache worker for file hash cache (C:\Users\grigo\.gradle\caches\8.0\fileHashes)" [_thread_blocked, id=11100, stack(0x000000fbf0f00000,0x000000fbf1000000)]
  0x0000025754eff580 JavaThread "File watcher server" daemon [_thread_blocked, id=9772, stack(0x000000fbf1000000,0x000000fbf1100000)]
  0x0000025754efd3d0 JavaThread "File watcher consumer" daemon [_thread_blocked, id=12076, stack(0x000000fbf1100000,0x000000fbf1200000)]
  0x0000025754efff20 JavaThread "Cache worker for file content cache (C:\Users\grigo\.gradle\caches\8.0\fileContent)" [_thread_blocked, id=13292, stack(0x000000fbf1400000,0x000000fbf1500000)]
  0x0000025756641fc0 JavaThread "Cache worker for execution history cache (C:\Users\grigo\.gradle\caches\8.0\executionHistory)" [_thread_blocked, id=3220, stack(0x000000fbf1700000,0x000000fbf1800000)]
  0x0000025756647b30 JavaThread "jar transforms" [_thread_blocked, id=11308, stack(0x000000fbf1800000,0x000000fbf1900000)]
  0x0000025756646320 JavaThread "jar transforms Thread 2" [_thread_blocked, id=3968, stack(0x000000fbf1900000,0x000000fbf1a00000)]
  0x0000025756646cc0 JavaThread "Cache worker for kotlin-dsl (C:\Users\grigo\.gradle\caches\8.0\kotlin-dsl)" [_thread_blocked, id=8508, stack(0x000000fbf1a00000,0x000000fbf1b00000)]
  0x00000257566437d0 JavaThread "jar transforms Thread 3" [_thread_blocked, id=13344, stack(0x000000fbf1b00000,0x000000fbf1c00000)]
  0x0000025756644170 JavaThread "jar transforms Thread 4" [_thread_blocked, id=16948, stack(0x000000fbf1c00000,0x000000fbf1d00000)]
  0x00000257566489a0 JavaThread "jar transforms Thread 5" [_thread_blocked, id=16364, stack(0x000000fbf1f00000,0x000000fbf2000000)]
  0x0000025758717a30 JavaThread "jar transforms Thread 6" [_thread_blocked, id=1028, stack(0x000000fbf9900000,0x000000fbf9a00000)]
  0x0000025758717f00 JavaThread "jar transforms Thread 7" [_thread_blocked, id=10556, stack(0x000000fbf9a00000,0x000000fbf9b00000)]
  0x00000257587183d0 JavaThread "jar transforms Thread 8" [_thread_blocked, id=1424, stack(0x000000fbf9b00000,0x000000fbf9c00000)]
  0x000002575871c260 JavaThread "jar transforms Thread 9" [_thread_blocked, id=8776, stack(0x000000fbf9c00000,0x000000fbf9d00000)]
  0x00000257587188a0 JavaThread "jar transforms Thread 10" [_thread_blocked, id=2784, stack(0x000000fbf9d00000,0x000000fbf9e00000)]
  0x0000025758719be0 JavaThread "jar transforms Thread 11" [_thread_blocked, id=668, stack(0x000000fbf9e00000,0x000000fbf9f00000)]
  0x0000025758718d70 JavaThread "jar transforms Thread 12" [_thread_blocked, id=15920, stack(0x000000fbf9f00000,0x000000fbfa000000)]
  0x000002575871af20 JavaThread "Memory manager" [_thread_blocked, id=13972, stack(0x000000fbfa200000,0x000000fbfa300000)]
  0x0000025759ff24b0 JavaThread "pool-3-thread-1" [_thread_blocked, id=16112, stack(0x000000fbfa100000,0x000000fbfa200000)]
  0x0000025754d01810 JavaThread "Cache worker for Java compile cache (C:\Users\grigo\.gradle\caches\8.0\javaCompile)" [_thread_blocked, id=8996, stack(0x000000fbfbb00000,0x000000fbfbc00000)]
  0x00000257553b2a40 JavaThread "pool-8-thread-1" [_thread_blocked, id=2224, stack(0x000000fbfa500000,0x000000fbfa600000)]
  0x00000257559b96f0 JavaThread "pool-12-thread-1" [_thread_blocked, id=3008, stack(0x000000fbfa000000,0x000000fbfa100000)]
  0x0000025758b3d530 JavaThread "pool-15-thread-1" [_thread_blocked, id=9848, stack(0x000000fbf9600000,0x000000fbf9700000)]
  0x0000025758b114d0 JavaThread "ForkJoinPool.commonPool-worker-12" daemon [_thread_blocked, id=13572, stack(0x000000fbfce00000,0x000000fbfcf00000)]
  0x0000025758118570 JavaThread "pool-19-thread-1" [_thread_blocked, id=15428, stack(0x000000fbf9700000,0x000000fbf9800000)]
  0x0000025754de5b80 JavaThread "pool-24-thread-1" [_thread_blocked, id=15652, stack(0x000000fbfa600000,0x000000fbfa700000)]
  0x000002575d195930 JavaThread "pool-27-thread-1" [_thread_blocked, id=1684, stack(0x000000fbf9800000,0x000000fbf9900000)]
  0x0000025753fe2110 JavaThread "ForkJoinPool.commonPool-worker-14" daemon [_thread_blocked, id=12748, stack(0x000000fbfdc00000,0x000000fbfdd00000)]
  0x00000257587e23a0 JavaThread "pool-31-thread-1" [_thread_blocked, id=9064, stack(0x000000fbfa300000,0x000000fbfa400000)]
  0x0000025753fe25e0 JavaThread "ForkJoinPool.commonPool-worker-17" daemon [_thread_blocked, id=15460, stack(0x000000fbfdf00000,0x000000fbfe000000)]
  0x0000025753fe3450 JavaThread "ForkJoinPool.commonPool-worker-18" daemon [_thread_blocked, id=4244, stack(0x000000fbfe200000,0x000000fbfe300000)]
  0x000002575d3ebc40 JavaThread "pool-36-thread-1" [_thread_blocked, id=12044, stack(0x000000fbfa400000,0x000000fbfa500000)]
  0x00000257581f2e10 JavaThread "ForkJoinPool.commonPool-worker-19" daemon [_thread_blocked, id=15924, stack(0x000000fbfc300000,0x000000fbfc400000)]
  0x0000025758b40080 JavaThread "pool-41-thread-1" [_thread_blocked, id=924, stack(0x000000fbfa700000,0x000000fbfa800000)]
  0x0000025755b63850 JavaThread "Daemon Thread 6" [_thread_blocked, id=13664, stack(0x000000fbee100000,0x000000fbee200000)]
  0x0000025755b7b000 JavaThread "Handler for socket connection from /127.0.0.1:59620 to /127.0.0.1:59862" [_thread_in_native, id=4912, stack(0x000000fbee200000,0x000000fbee300000)]
  0x0000025755b7b9a0 JavaThread "Cancel handler" [_thread_blocked, id=1212, stack(0x000000fbee300000,0x000000fbee400000)]
  0x0000025755b7c340 JavaThread "Daemon worker Thread 6" [_thread_blocked, id=9800, stack(0x000000fbef700000,0x000000fbef800000)]
  0x0000025755504a40 JavaThread "Asynchronous log dispatcher for DefaultDaemonConnection: socket connection from /127.0.0.1:59620 to /127.0.0.1:59862" [_thread_blocked, id=16400, stack(0x000000fbf0200000,0x000000fbf0300000)]
  0x0000025755503230 JavaThread "Stdin handler" [_thread_blocked, id=14680, stack(0x000000fbf0300000,0x000000fbf0400000)]
  0x0000025755503700 JavaThread "Daemon client event forwarder" [_thread_blocked, id=13432, stack(0x000000fbf0400000,0x000000fbf0500000)]
  0x0000025755504f10 JavaThread "Cache worker for checksums cache (C:\Users\grigo\AndroidStudioProjects\PUNK_JV\.gradle\8.0\checksums)" [_thread_blocked, id=11368, stack(0x000000fbf0500000,0x000000fbf0600000)]
  0x0000025755506720 JavaThread "Cache worker for cache directory md-rule (C:\Users\grigo\.gradle\caches\8.0\md-rule)" [_thread_blocked, id=8956, stack(0x000000fbf0600000,0x000000fbf0700000)]
  0x0000025755503bd0 JavaThread "Cache worker for file hash cache (C:\Users\grigo\AndroidStudioProjects\PUNK_JV\.gradle\8.0\fileHashes)" [_thread_blocked, id=3352, stack(0x000000fbf0700000,0x000000fbf0800000)]
  0x00000257555053e0 JavaThread "Cache worker for cache directory md-supplier (C:\Users\grigo\.gradle\caches\8.0\md-supplier)" [_thread_blocked, id=14740, stack(0x000000fbf0800000,0x000000fbf0900000)]
  0x00000257555058b0 JavaThread "Cache worker for dependencies-accessors (C:\Users\grigo\AndroidStudioProjects\PUNK_JV\.gradle\8.0\dependencies-accessors)" [_thread_blocked, id=9968, stack(0x000000fbf1200000,0x000000fbf1300000)]
  0x0000025755505d80 JavaThread "Cache worker for Build Output Cleanup Cache (C:\Users\grigo\AndroidStudioProjects\PUNK_JV\.gradle\buildOutputCleanup)" [_thread_blocked, id=1244, stack(0x000000fbf1300000,0x000000fbf1400000)]
  0x0000025755506250 JavaThread "Unconstrained build operations" [_thread_blocked, id=9292, stack(0x000000fbf1500000,0x000000fbf1600000)]
  0x000002575d91f370 JavaThread "Unconstrained build operations Thread 2" [_thread_blocked, id=15480, stack(0x000000fbf1600000,0x000000fbf1700000)]
  0x000002575d922860 JavaThread "Unconstrained build operations Thread 3" [_thread_blocked, id=13680, stack(0x000000fbf1d00000,0x000000fbf1e00000)]
  0x000002575d9219f0 JavaThread "Unconstrained build operations Thread 4" [_thread_blocked, id=7476, stack(0x000000fbf1e00000,0x000000fbf1f00000)]
  0x000002575d921050 JavaThread "Unconstrained build operations Thread 5" [_thread_blocked, id=11852, stack(0x000000fbf2000000,0x000000fbf2100000)]
  0x000002575d921ec0 JavaThread "Unconstrained build operations Thread 6" [_thread_blocked, id=844, stack(0x000000fbf2100000,0x000000fbf2200000)]
  0x000002575d9201e0 JavaThread "Unconstrained build operations Thread 7" [_thread_blocked, id=14932, stack(0x000000fbf2200000,0x000000fbf2300000)]
  0x000002575d91eea0 JavaThread "Unconstrained build operations Thread 8" [_thread_blocked, id=12780, stack(0x000000fbf2300000,0x000000fbf2400000)]
  0x000002575d9206b0 JavaThread "Unconstrained build operations Thread 9" [_thread_blocked, id=6200, stack(0x000000fbf2400000,0x000000fbf2500000)]
  0x000002575d91f840 JavaThread "Unconstrained build operations Thread 10" [_thread_blocked, id=1032, stack(0x000000fbf2500000,0x000000fbf2600000)]
  0x000002575d91fd10 JavaThread "Unconstrained build operations Thread 11" [_thread_blocked, id=15972, stack(0x000000fbf2600000,0x000000fbf2700000)]
  0x000002575d920b80 JavaThread "Unconstrained build operations Thread 12" [_thread_blocked, id=11384, stack(0x000000fbf2800000,0x000000fbf2900000)]
  0x0000025755ee1490 JavaThread "Unconstrained build operations Thread 13" [_thread_blocked, id=14772, stack(0x000000fbf2a00000,0x000000fbf2b00000)]
  0x0000025755ee3fe0 JavaThread "Unconstrained build operations Thread 14" [_thread_blocked, id=8464, stack(0x000000fbf2b00000,0x000000fbf2c00000)]
  0x0000025755ee2ca0 JavaThread "Unconstrained build operations Thread 15" [_thread_blocked, id=2456, stack(0x000000fbf2c00000,0x000000fbf2d00000)]
  0x0000025755ee3170 JavaThread "Unconstrained build operations Thread 16" [_thread_blocked, id=15304, stack(0x000000fbf2d00000,0x000000fbf2e00000)]
  0x0000025755ee0fc0 JavaThread "Unconstrained build operations Thread 17" [_thread_blocked, id=8740, stack(0x000000fbf2e00000,0x000000fbf2f00000)]
  0x0000025755ee1960 JavaThread "Unconstrained build operations Thread 18" [_thread_blocked, id=2956, stack(0x000000fbf2f00000,0x000000fbf3000000)]
  0x0000025755ee3b10 JavaThread "Unconstrained build operations Thread 19" [_thread_blocked, id=13840, stack(0x000000fbf3000000,0x000000fbf3100000)]
  0x0000025755ee3640 JavaThread "Unconstrained build operations Thread 20" [_thread_blocked, id=12404, stack(0x000000fbf3100000,0x000000fbf3200000)]
  0x0000025755ee44b0 JavaThread "Unconstrained build operations Thread 21" [_thread_blocked, id=10040, stack(0x000000fbf3200000,0x000000fbf3300000)]
  0x0000025755ee1e30 JavaThread "Unconstrained build operations Thread 22" [_thread_blocked, id=7428, stack(0x000000fbf3300000,0x000000fbf3400000)]
  0x0000025755ee0af0 JavaThread "Unconstrained build operations Thread 23" [_thread_blocked, id=6304, stack(0x000000fbf3400000,0x000000fbf3500000)]
  0x0000025755ee2300 JavaThread "Unconstrained build operations Thread 24" [_thread_blocked, id=9832, stack(0x000000fbf3500000,0x000000fbf3600000)]
  0x0000025755ee27d0 JavaThread "Unconstrained build operations Thread 25" [_thread_blocked, id=3964, stack(0x000000fbf3600000,0x000000fbf3700000)]
  0x000002575dc11530 JavaThread "Unconstrained build operations Thread 26" [_thread_blocked, id=6624, stack(0x000000fbf3700000,0x000000fbf3800000)]
  0x000002575dc12870 JavaThread "Unconstrained build operations Thread 27" [_thread_blocked, id=17224, stack(0x000000fbf3800000,0x000000fbf3900000)]
  0x000002575dc14a20 JavaThread "Unconstrained build operations Thread 28" [_thread_blocked, id=10456, stack(0x000000fbf3900000,0x000000fbf3a00000)]
  0x000002575dc12d40 JavaThread "Unconstrained build operations Thread 29" [_thread_blocked, id=16148, stack(0x000000fbf3a00000,0x000000fbf3b00000)]
  0x000002575dc13210 JavaThread "Unconstrained build operations Thread 30" [_thread_blocked, id=11824, stack(0x000000fbf3b00000,0x000000fbf3c00000)]
  0x000002575dc14080 JavaThread "Unconstrained build operations Thread 31" [_thread_blocked, id=7152, stack(0x000000fbf3c00000,0x000000fbf3d00000)]
  0x000002575dc136e0 JavaThread "Unconstrained build operations Thread 32" [_thread_blocked, id=12696, stack(0x000000fbf3d00000,0x000000fbf3e00000)]
  0x000002575dc14550 JavaThread "Unconstrained build operations Thread 33" [_thread_blocked, id=7680, stack(0x000000fbf3e00000,0x000000fbf3f00000)]
  0x000002575dc13bb0 JavaThread "Unconstrained build operations Thread 34" [_thread_blocked, id=480, stack(0x000000fbf3f00000,0x000000fbf4000000)]
  0x000002575dc11060 JavaThread "Unconstrained build operations Thread 35" [_thread_blocked, id=1372, stack(0x000000fbf4000000,0x000000fbf4100000)]
  0x000002575dc11a00 JavaThread "Unconstrained build operations Thread 36" [_thread_blocked, id=16756, stack(0x000000fbf4100000,0x000000fbf4200000)]
  0x000002575dc11ed0 JavaThread "Unconstrained build operations Thread 37" [_thread_blocked, id=8284, stack(0x000000fbf4200000,0x000000fbf4300000)]
  0x000002575dc123a0 JavaThread "Unconstrained build operations Thread 38" [_thread_blocked, id=6600, stack(0x000000fbf4300000,0x000000fbf4400000)]
  0x000002575262ca60 JavaThread "Unconstrained build operations Thread 39" [_thread_blocked, id=8400, stack(0x000000fbf4400000,0x000000fbf4500000)]
  0x0000025752629a40 JavaThread "Unconstrained build operations Thread 40" [_thread_blocked, id=15520, stack(0x000000fbf4500000,0x000000fbf4600000)]
  0x000002575262bbf0 JavaThread "Unconstrained build operations Thread 41" [_thread_blocked, id=16896, stack(0x000000fbf4600000,0x000000fbf4700000)]
  0x000002575262c0c0 JavaThread "Unconstrained build operations Thread 42" [_thread_blocked, id=15580, stack(0x000000fbf4700000,0x000000fbf4800000)]
  0x000002575262c590 JavaThread "Unconstrained build operations Thread 43" [_thread_blocked, id=7068, stack(0x000000fbf4800000,0x000000fbf4900000)]
  0x000002575262a3e0 JavaThread "Unconstrained build operations Thread 44" [_thread_blocked, id=8840, stack(0x000000fbf4900000,0x000000fbf4a00000)]
  0x00000257526290a0 JavaThread "Unconstrained build operations Thread 45" [_thread_blocked, id=13020, stack(0x000000fbf4a00000,0x000000fbf4b00000)]
  0x0000025752629570 JavaThread "Unconstrained build operations Thread 46" [_thread_blocked, id=8452, stack(0x000000fbf4b00000,0x000000fbf4c00000)]
  0x0000025752629f10 JavaThread "Unconstrained build operations Thread 47" [_thread_blocked, id=4172, stack(0x000000fbf4c00000,0x000000fbf4d00000)]
  0x000002575262a8b0 JavaThread "Unconstrained build operations Thread 48" [_thread_blocked, id=17372, stack(0x000000fbf4d00000,0x000000fbf4e00000)]
  0x000002575262ad80 JavaThread "Unconstrained build operations Thread 49" [_thread_blocked, id=9808, stack(0x000000fbf4e00000,0x000000fbf4f00000)]
  0x000002575262b250 JavaThread "Unconstrained build operations Thread 50" [_thread_blocked, id=15704, stack(0x000000fbf4f00000,0x000000fbf5000000)]
  0x000002575262b720 JavaThread "Unconstrained build operations Thread 51" [_thread_blocked, id=14144, stack(0x000000fbf5000000,0x000000fbf5100000)]
  0x0000025758250080 JavaThread "Unconstrained build operations Thread 52" [_thread_blocked, id=14916, stack(0x000000fbf5100000,0x000000fbf5200000)]
  0x0000025755b78980 JavaThread "Unconstrained build operations Thread 53" [_thread_blocked, id=13024, stack(0x000000fbf5200000,0x000000fbf5300000)]
  0x0000025752d3ba50 JavaThread "Unconstrained build operations Thread 54" [_thread_blocked, id=15504, stack(0x000000fbf5300000,0x000000fbf5400000)]
  0x0000025752d3b0b0 JavaThread "Unconstrained build operations Thread 55" [_thread_blocked, id=12332, stack(0x000000fbf5400000,0x000000fbf5500000)]
  0x0000025753fe0430 JavaThread "Unconstrained build operations Thread 56" [_thread_blocked, id=11712, stack(0x000000fbf5500000,0x000000fbf5600000)]
  0x000002575cda2480 JavaThread "Unconstrained build operations Thread 57" [_thread_blocked, id=17272, stack(0x000000fbf5600000,0x000000fbf5700000)]
  0x000002575cda4b00 JavaThread "Unconstrained build operations Thread 58" [_thread_blocked, id=5304, stack(0x000000fbf5700000,0x000000fbf5800000)]
  0x000002575cda32f0 JavaThread "Unconstrained build operations Thread 59" [_thread_blocked, id=2804, stack(0x000000fbf5800000,0x000000fbf5900000)]
  0x000002575cda4160 JavaThread "Unconstrained build operations Thread 60" [_thread_blocked, id=12544, stack(0x000000fbf5900000,0x000000fbf5a00000)]
  0x000002575cda37c0 JavaThread "Unconstrained build operations Thread 61" [_thread_blocked, id=8648, stack(0x000000fbf5a00000,0x000000fbf5b00000)]
  0x000002575cda54a0 JavaThread "Unconstrained build operations Thread 62" [_thread_blocked, id=3116, stack(0x000000fbf5b00000,0x000000fbf5c00000)]
  0x000002575cda2950 JavaThread "Unconstrained build operations Thread 63" [_thread_blocked, id=13288, stack(0x000000fbf5c00000,0x000000fbf5d00000)]
  0x000002575cda3c90 JavaThread "Unconstrained build operations Thread 64" [_thread_blocked, id=2168, stack(0x000000fbf5d00000,0x000000fbf5e00000)]
  0x000002575cda1fb0 JavaThread "Unconstrained build operations Thread 65" [_thread_blocked, id=9208, stack(0x000000fbf5e00000,0x000000fbf5f00000)]
  0x000002575cda2e20 JavaThread "Unconstrained build operations Thread 66" [_thread_blocked, id=7600, stack(0x000000fbf5f00000,0x000000fbf6000000)]
  0x000002575cda4630 JavaThread "Unconstrained build operations Thread 67" [_thread_blocked, id=452, stack(0x000000fbf6000000,0x000000fbf6100000)]
  0x00000257581163c0 JavaThread "Unconstrained build operations Thread 68" [_thread_blocked, id=14896, stack(0x000000fbf6100000,0x000000fbf6200000)]
  0x0000025758115080 JavaThread "Unconstrained build operations Thread 69" [_thread_blocked, id=15088, stack(0x000000fbf6200000,0x000000fbf6300000)]
  0x0000025758115550 JavaThread "Unconstrained build operations Thread 70" [_thread_blocked, id=656, stack(0x000000fbf6300000,0x000000fbf6400000)]
  0x0000025758117700 JavaThread "Unconstrained build operations Thread 71" [_thread_blocked, id=9656, stack(0x000000fbf6400000,0x000000fbf6500000)]
  0x0000025758115a20 JavaThread "Unconstrained build operations Thread 72" [_thread_blocked, id=1744, stack(0x000000fbf6500000,0x000000fbf6600000)]
  0x0000025758116d60 JavaThread "Unconstrained build operations Thread 73" [_thread_blocked, id=2824, stack(0x000000fbf6600000,0x000000fbf6700000)]
  0x0000025758115ef0 JavaThread "Unconstrained build operations Thread 74" [_thread_blocked, id=17180, stack(0x000000fbf6700000,0x000000fbf6800000)]
  0x000002575824d530 JavaThread "Unconstrained build operations Thread 75" [_thread_blocked, id=13456, stack(0x000000fbf6800000,0x000000fbf6900000)]
  0x000002575824f6e0 JavaThread "Unconstrained build operations Thread 76" [_thread_blocked, id=12216, stack(0x000000fbf6900000,0x000000fbf6a00000)]
  0x000002575824ded0 JavaThread "Unconstrained build operations Thread 77" [_thread_blocked, id=14020, stack(0x000000fbf6a00000,0x000000fbf6b00000)]
  0x000002575824fbb0 JavaThread "Unconstrained build operations Thread 78" [_thread_blocked, id=15344, stack(0x000000fbf6b00000,0x000000fbf6c00000)]
  0x000002575824ed40 JavaThread "Unconstrained build operations Thread 79" [_thread_blocked, id=12448, stack(0x000000fbf6c00000,0x000000fbf6d00000)]
  0x0000025758250550 JavaThread "Unconstrained build operations Thread 80" [_thread_blocked, id=6520, stack(0x000000fbf6d00000,0x000000fbf6e00000)]
  0x000002575824e870 JavaThread "Unconstrained build operations Thread 81" [_thread_blocked, id=3408, stack(0x000000fbf6e00000,0x000000fbf6f00000)]
  0x000002575824da00 JavaThread "Unconstrained build operations Thread 82" [_thread_blocked, id=9568, stack(0x000000fbf6f00000,0x000000fbf7000000)]
  0x0000025758250a20 JavaThread "Unconstrained build operations Thread 83" [_thread_blocked, id=11788, stack(0x000000fbf7000000,0x000000fbf7100000)]
  0x000002575824d060 JavaThread "Unconstrained build operations Thread 84" [_thread_blocked, id=3784, stack(0x000000fbf7100000,0x000000fbf7200000)]
  0x000002575824f210 JavaThread "Unconstrained build operations Thread 85" [_thread_blocked, id=1604, stack(0x000000fbf7200000,0x000000fbf7300000)]
  0x0000025753fe3920 JavaThread "Unconstrained build operations Thread 86" [_thread_blocked, id=3748, stack(0x000000fbf7300000,0x000000fbf7400000)]
  0x0000025753fe2ab0 JavaThread "Unconstrained build operations Thread 87" [_thread_blocked, id=7216, stack(0x000000fbf7400000,0x000000fbf7500000)]
  0x0000025753fe2f80 JavaThread "Unconstrained build operations Thread 88" [_thread_blocked, id=10248, stack(0x000000fbf7500000,0x000000fbf7600000)]
  0x0000025753fdff60 JavaThread "Unconstrained build operations Thread 89" [_thread_blocked, id=6052, stack(0x000000fbf7600000,0x000000fbf7700000)]
  0x0000025753fe1770 JavaThread "Unconstrained build operations Thread 90" [_thread_blocked, id=5412, stack(0x000000fbf7700000,0x000000fbf7800000)]
  0x0000025753fe0900 JavaThread "Unconstrained build operations Thread 91" [_thread_blocked, id=9316, stack(0x000000fbf7800000,0x000000fbf7900000)]
  0x0000025753fe0dd0 JavaThread "Unconstrained build operations Thread 92" [_thread_blocked, id=7484, stack(0x000000fbf7900000,0x000000fbf7a00000)]
  0x0000025753fe12a0 JavaThread "Unconstrained build operations Thread 93" [_thread_blocked, id=10804, stack(0x000000fbf7a00000,0x000000fbf7b00000)]
  0x0000025753fe1c40 JavaThread "Unconstrained build operations Thread 94" [_thread_blocked, id=8916, stack(0x000000fbf7b00000,0x000000fbf7c00000)]
  0x000002576153dd20 JavaThread "Unconstrained build operations Thread 95" [_thread_blocked, id=14244, stack(0x000000fbf7c00000,0x000000fbf7d00000)]
  0x000002576153c040 JavaThread "Unconstrained build operations Thread 96" [_thread_blocked, id=15548, stack(0x000000fbf7d00000,0x000000fbf7e00000)]
  0x000002576153c510 JavaThread "Unconstrained build operations Thread 97" [_thread_blocked, id=2676, stack(0x000000fbf7e00000,0x000000fbf7f00000)]
  0x000002576153c9e0 JavaThread "Unconstrained build operations Thread 98" [_thread_blocked, id=1652, stack(0x000000fbf7f00000,0x000000fbf8000000)]
  0x000002576153ceb0 JavaThread "Unconstrained build operations Thread 99" [_thread_blocked, id=14248, stack(0x000000fbf8000000,0x000000fbf8100000)]
  0x000002576153e1f0 JavaThread "Unconstrained build operations Thread 100" [_thread_blocked, id=13376, stack(0x000000fbf8100000,0x000000fbf8200000)]
  0x000002576153d380 JavaThread "Unconstrained build operations Thread 101" [_thread_blocked, id=10776, stack(0x000000fbf8200000,0x000000fbf8300000)]
  0x000002576153d850 JavaThread "Unconstrained build operations Thread 102" [_thread_blocked, id=6744, stack(0x000000fbf8300000,0x000000fbf8400000)]
  0x000002576153f530 JavaThread "Unconstrained build operations Thread 103" [_thread_blocked, id=12740, stack(0x000000fbf8400000,0x000000fbf8500000)]
  0x000002576153e6c0 JavaThread "Unconstrained build operations Thread 104" [_thread_blocked, id=5168, stack(0x000000fbf8500000,0x000000fbf8600000)]
  0x000002576153eb90 JavaThread "Unconstrained build operations Thread 105" [_thread_blocked, id=2376, stack(0x000000fbf8600000,0x000000fbf8700000)]
  0x000002576153f060 JavaThread "Unconstrained build operations Thread 106" [_thread_blocked, id=11288, stack(0x000000fbf8700000,0x000000fbf8800000)]
  0x000002576153fa00 JavaThread "Unconstrained build operations Thread 107" [_thread_blocked, id=12184, stack(0x000000fbf8800000,0x000000fbf8900000)]
  0x000002575824e3a0 JavaThread "Unconstrained build operations Thread 108" [_thread_blocked, id=15596, stack(0x000000fbf8900000,0x000000fbf8a00000)]
  0x00000257589ec1d0 JavaThread "Unconstrained build operations Thread 109" [_thread_blocked, id=15612, stack(0x000000fbf8a00000,0x000000fbf8b00000)]
  0x00000257589eae90 JavaThread "Unconstrained build operations Thread 110" [_thread_blocked, id=4764, stack(0x000000fbf8b00000,0x000000fbf8c00000)]
  0x00000257589ed040 JavaThread "Unconstrained build operations Thread 111" [_thread_blocked, id=16732, stack(0x000000fbf8c00000,0x000000fbf8d00000)]
  0x00000257589eb830 JavaThread "Unconstrained build operations Thread 112" [_thread_blocked, id=5808, stack(0x000000fbf8d00000,0x000000fbf8e00000)]
  0x00000257589eb360 JavaThread "Unconstrained build operations Thread 113" [_thread_blocked, id=17000, stack(0x000000fbf8e00000,0x000000fbf8f00000)]
  0x00000257589edeb0 JavaThread "Unconstrained build operations Thread 114" [_thread_blocked, id=6384, stack(0x000000fbf8f00000,0x000000fbf9000000)]
  0x00000257589ed9e0 JavaThread "Unconstrained build operations Thread 115" [_thread_blocked, id=7992, stack(0x000000fbf9000000,0x000000fbf9100000)]
  0x00000257589ebd00 JavaThread "Unconstrained build operations Thread 116" [_thread_blocked, id=10080, stack(0x000000fbf9100000,0x000000fbf9200000)]
  0x00000257589ec6a0 JavaThread "Unconstrained build operations Thread 117" [_thread_blocked, id=11224, stack(0x000000fbf9200000,0x000000fbf9300000)]
  0x00000257589ea4f0 JavaThread "Unconstrained build operations Thread 118" [_thread_blocked, id=3948, stack(0x000000fbf9300000,0x000000fbf9400000)]
  0x0000025757de28d0 JavaThread "Unconstrained build operations Thread 119" [_thread_blocked, id=9560, stack(0x000000fbf9400000,0x000000fbf9500000)]
  0x000002575d592d40 JavaThread "Unconstrained build operations Thread 120" [_thread_blocked, id=12324, stack(0x000000fbf9500000,0x000000fbf9600000)]
  0x0000025755b7b4d0 JavaThread "build event listener" [_thread_blocked, id=12224, stack(0x000000fbfa800000,0x000000fbfa900000)]
  0x0000025762343b00 JavaThread "C2 CompilerThread1" daemon [_thread_blocked, id=15336, stack(0x000000fbf2700000,0x000000fbf2800000)]
  0x0000025755b77fe0 JavaThread "pool-44-thread-1" [_thread_blocked, id=9812, stack(0x000000fbf2900000,0x000000fbf2a00000)]
  0x0000025755b7d680 JavaThread "build event listener" [_thread_blocked, id=14396, stack(0x000000fbfa900000,0x000000fbfaa00000)]
  0x0000025755b75e30 JavaThread "included builds" [_thread_blocked, id=14648, stack(0x000000fbfaa00000,0x000000fbfab00000)]
  0x0000025755b78e50 JavaThread "Execution worker" [_thread_blocked, id=7172, stack(0x000000fbfab00000,0x000000fbfac00000)]
  0x0000025755b7be70 JavaThread "Execution worker Thread 2" [_thread_blocked, id=4024, stack(0x000000fbfac00000,0x000000fbfad00000)]
  0x0000025755b77640 JavaThread "Execution worker Thread 3" [_thread_blocked, id=11556, stack(0x000000fbfad00000,0x000000fbfae00000)]
  0x0000025755b7cce0 JavaThread "Execution worker Thread 4" [_thread_blocked, id=16964, stack(0x000000fbfae00000,0x000000fbfaf00000)]
  0x0000025755b7db50 JavaThread "Execution worker Thread 5" [_thread_blocked, id=12188, stack(0x000000fbfaf00000,0x000000fbfb000000)]
  0x0000025755b77170 JavaThread "Execution worker Thread 6" [_thread_blocked, id=6100, stack(0x000000fbfb000000,0x000000fbfb100000)]
  0x0000025755b7a660 JavaThread "Execution worker Thread 7" [_thread_blocked, id=10252, stack(0x000000fbfb500000,0x000000fbfb600000)]
  0x0000025755b76300 JavaThread "Execution worker Thread 8" [_thread_blocked, id=12708, stack(0x000000fbfb600000,0x000000fbfb700000)]
  0x0000025755b7c810 JavaThread "Execution worker Thread 9" [_thread_blocked, id=8600, stack(0x000000fbfb700000,0x000000fbfb800000)]
  0x0000025755b7e020 JavaThread "Execution worker Thread 10" [_thread_blocked, id=13904, stack(0x000000fbfba00000,0x000000fbfbb00000)]
  0x0000025755b79320 JavaThread "Execution worker Thread 11" [_thread_blocked, id=14524, stack(0x000000fbfbc00000,0x000000fbfbd00000)]
  0x0000025752d3bf20 JavaThread "Cache worker for execution history cache (C:\Users\grigo\AndroidStudioProjects\PUNK_JV\.gradle\8.0\executionHistory)" [_thread_blocked, id=10208, stack(0x000000fbfbd00000,0x000000fbfbe00000)]
  0x0000025752d3c8c0 JavaThread "WorkerExecutor Queue" [_thread_blocked, id=6684, stack(0x000000fbfbe00000,0x000000fbfbf00000)]
  0x00000257553b33e0 JavaThread "WorkerExecutor Queue Thread 2" [_thread_blocked, id=5988, stack(0x000000fbfc000000,0x000000fbfc100000)]
  0x00000257553b38b0 JavaThread "WorkerExecutor Queue Thread 3" [_thread_blocked, id=10348, stack(0x000000fbfc100000,0x000000fbfc200000)]
  0x00000257553b4250 JavaThread "WorkerExecutor Queue Thread 5" [_thread_blocked, id=8980, stack(0x000000fbfc400000,0x000000fbfc500000)]
  0x00000257553b4bf0 JavaThread "WorkerExecutor Queue Thread 6" [_thread_blocked, id=13236, stack(0x000000fbfc500000,0x000000fbfc600000)]
  0x000002576166d110 JavaThread "WorkerExecutor Queue Thread 7" [_thread_blocked, id=5784, stack(0x000000fbfc600000,0x000000fbfc700000)]
  0x000002576166c2a0 JavaThread "WorkerExecutor Queue Thread 8" [_thread_blocked, id=9192, stack(0x000000fbfc700000,0x000000fbfc800000)]
  0x000002575e20e3e0 JavaThread "WorkerExecutor Queue Thread 10" [_thread_blocked, id=13916, stack(0x000000fbfc900000,0x000000fbfca00000)]
  0x000002575e20e8b0 JavaThread "WorkerExecutor Queue Thread 12" [_thread_blocked, id=288, stack(0x000000fbfcb00000,0x000000fbfcc00000)]
  0x000002575d3ec110 JavaThread "WorkerExecutor Queue Thread 13" [_thread_blocked, id=800, stack(0x000000fbfcc00000,0x000000fbfcd00000)]
  0x0000025755b60d00 JavaThread "pool-45-thread-1" [_thread_blocked, id=15284, stack(0x000000fbfcd00000,0x000000fbfce00000)]
  0x0000025755b611d0 JavaThread "stderr" [_thread_in_native, id=9900, stack(0x000000fbfcf00000,0x000000fbfd000000)]
  0x0000025755b62eb0 JavaThread "stdout" [_thread_in_native, id=15436, stack(0x000000fbfd000000,0x000000fbfd100000)]
  0x0000025758b119a0 JavaThread "ForkJoinPool-1-worker-1" daemon [_thread_blocked, id=1152, stack(0x000000fbfd100000,0x000000fbfd200000)]
  0x00000257553b6400 JavaThread "ForkJoinPool-1-worker-2" daemon [_thread_blocked, id=10736, stack(0x000000fbfd200000,0x000000fbfd300000)]
  0x0000025755b767d0 JavaThread "ForkJoinPool-1-worker-3" daemon [_thread_blocked, id=3768, stack(0x000000fbfd300000,0x000000fbfd400000)]
  0x000002576166b900 JavaThread "ForkJoinPool-1-worker-4" daemon [_thread_blocked, id=8328, stack(0x000000fbfd400000,0x000000fbfd500000)]
  0x00000257559b7ee0 JavaThread "ForkJoinPool-1-worker-5" daemon [_thread_blocked, id=7248, stack(0x000000fbfd500000,0x000000fbfd600000)]
  0x000002575d3ec5e0 JavaThread "ForkJoinPool-1-worker-6" daemon [_thread_blocked, id=3628, stack(0x000000fbfd600000,0x000000fbfd700000)]
  0x0000025755b7e4f0 JavaThread "ForkJoinPool-1-worker-7" daemon [_thread_blocked, id=15312, stack(0x000000fbfd700000,0x000000fbfd800000)]
  0x0000025758b40a20 JavaThread "ForkJoinPool-1-worker-8" daemon [_thread_blocked, id=13208, stack(0x000000fbfd800000,0x000000fbfd900000)]
  0x000002575d3ecab0 JavaThread "ForkJoinPool-1-worker-9" daemon [_thread_blocked, id=13064, stack(0x000000fbfd900000,0x000000fbfda00000)]
  0x0000025755b806a0 JavaThread "ForkJoinPool-1-worker-10" daemon [_thread_blocked, id=4052, stack(0x000000fbfda00000,0x000000fbfdb00000)]
  0x000002576166bdd0 JavaThread "ForkJoinPool-1-worker-11" daemon [_thread_blocked, id=11936, stack(0x000000fbfdb00000,0x000000fbfdc00000)]
  0x0000025755b7e9c0 JavaThread "ForkJoinPool-1-worker-12" daemon [_thread_blocked, id=4832, stack(0x000000fbfdd00000,0x000000fbfde00000)]

Other Threads:
=>0x0000025751b22c00 VMThread "VM Thread" [stack: 0x000000fbeea00000,0x000000fbeeb00000] [id=6524]
  0x00000257526998c0 WatcherThread [stack: 0x000000fbef600000,0x000000fbef700000] [id=15896]
  0x000002572fae1220 GCTaskThread "GC Thread#0" [stack: 0x000000fbee500000,0x000000fbee600000] [id=15844]
  0x0000025752fee090 GCTaskThread "GC Thread#1" [stack: 0x000000fbef800000,0x000000fbef900000] [id=13256]
  0x0000025752fee7d0 GCTaskThread "GC Thread#2" [stack: 0x000000fbef900000,0x000000fbefa00000] [id=9908]
  0x000002575323a570 GCTaskThread "GC Thread#3" [stack: 0x000000fbefa00000,0x000000fbefb00000] [id=5508]
  0x0000025753329140 GCTaskThread "GC Thread#4" [stack: 0x000000fbefb00000,0x000000fbefc00000] [id=4284]
  0x00000257553f4440 GCTaskThread "GC Thread#5" [stack: 0x000000fbefd00000,0x000000fbefe00000] [id=13772]
  0x00000257553f36d0 GCTaskThread "GC Thread#6" [stack: 0x000000fbefe00000,0x000000fbeff00000] [id=14384]
  0x00000257553f3420 GCTaskThread "GC Thread#7" [stack: 0x000000fbeff00000,0x000000fbf0000000] [id=9252]
  0x00000257553f4190 GCTaskThread "GC Thread#8" [stack: 0x000000fbf0900000,0x000000fbf0a00000] [id=13524]
  0x00000257553f2ec0 GCTaskThread "GC Thread#9" [stack: 0x000000fbf0a00000,0x000000fbf0b00000] [id=15452]
  0x000002572faeb810 ConcurrentGCThread "G1 Main Marker" [stack: 0x000000fbee600000,0x000000fbee700000] [id=17036]
  0x000002572faec130 ConcurrentGCThread "G1 Conc#0" [stack: 0x000000fbee700000,0x000000fbee800000] [id=11472]
  0x00000257553f3170 ConcurrentGCThread "G1 Conc#1" [stack: 0x000000fbf0b00000,0x000000fbf0c00000] [id=11320]
  0x00000257553f46f0 ConcurrentGCThread "G1 Conc#2" [stack: 0x000000fbf0c00000,0x000000fbf0d00000] [id=10688]
  0x000002572fb3bf60 ConcurrentGCThread "G1 Refine#0" [stack: 0x000000fbee800000,0x000000fbee900000] [id=4452]
  0x0000025754c9d650 ConcurrentGCThread "G1 Refine#1" [stack: 0x000000fbfb100000,0x000000fbfb200000] [id=9724]
  0x0000025754c9d930 ConcurrentGCThread "G1 Refine#2" [stack: 0x000000fbfb200000,0x000000fbfb300000] [id=11272]
  0x0000025754c9dc10 ConcurrentGCThread "G1 Refine#3" [stack: 0x000000fbfb300000,0x000000fbfb400000] [id=3672]
  0x0000025754c9def0 ConcurrentGCThread "G1 Refine#4" [stack: 0x000000fbfb400000,0x000000fbfb500000] [id=11204]
  0x000002575dad8790 ConcurrentGCThread "G1 Refine#5" [stack: 0x000000fbfb800000,0x000000fbfb900000] [id=14024]
  0x000002575592a1a0 ConcurrentGCThread "G1 Refine#6" [stack: 0x000000fbfb900000,0x000000fbfba00000] [id=17076]
  0x000002575da7d400 ConcurrentGCThread "G1 Refine#7" [stack: 0x000000fbfbf00000,0x000000fbfc000000] [id=15392]
  0x000002575cba8120 ConcurrentGCThread "G1 Refine#8" [stack: 0x000000fbfde00000,0x000000fbfdf00000] [id=1868]
  0x000002575d4d7080 ConcurrentGCThread "G1 Refine#9" [stack: 0x000000fbfe300000,0x000000fbfe400000] [id=11784]
  0x000002572fb3d8a0 ConcurrentGCThread "G1 Service" [stack: 0x000000fbee900000,0x000000fbeea00000] [id=11600]

Threads with active compile tasks:
C2 CompilerThread0  1097155 37912       4       com.android.tools.r8.dex.B::a (836 bytes)
C2 CompilerThread1  1097155 37932       4       com.android.tools.r8.dex.code.P0::hashCode (31 bytes)

VM state: at safepoint (normal execution)

VM Mutex/Monitor currently owned by a thread:  ([mutex/lock_event])
[0x000002572fa6e0e0] Threads_lock - owner thread: 0x0000025751b22c00
[0x000002572fa6f130] Heap_lock - owner thread: 0x00000257553b4250

Heap address: 0x00000006e0000000, size: 4608 MB, Compressed Oops mode: Zero based, Oop shift amount: 3

CDS archive(s) not mapped
Compressed class space mapped at: 0x0000000800000000-0x0000000840000000, reserved size: 1073741824
Narrow klass base: 0x0000000800000000, Narrow klass shift: 0, Narrow klass range: 0x40000000

GC Precious Log:
 CPUs: 12 total, 12 available
 Memory: 5996M
 Large Page Support: Disabled
 NUMA Support: Disabled
 Compressed Oops: Enabled (Zero based)
 Heap Region Size: 4M
 Heap Min Capacity: 8M
 Heap Initial Capacity: 96M
 Heap Max Capacity: 4608M
 Pre-touch: Disabled
 Parallel Workers: 10
 Concurrent Workers: 3
 Concurrent Refinement Workers: 10
 Periodic GC: Disabled

Heap:
 garbage-first heap   total 1822720K, used 566027K [0x00000006e0000000, 0x0000000800000000)
  region size 4096K, 3 young (12288K), 3 survivors (12288K)
 Metaspace       used 219626K, committed 221376K, reserved 1245184K
  class space    used 28924K, committed 29760K, reserved 1048576K

Heap Regions: E=young(eden), S=young(survivor), O=old, HS=humongous(starts), HC=humongous(continues), CS=collection set, F=free, OA=open archive, CA=closed archive, TAMS=top-at-mark-start (previous, next)
|   0|0x00000006e0000000, 0x00000006e0400000, 0x00000006e0400000|100%|HS|  |TAMS 0x00000006e0400000, 0x00000006e0400000| Complete 
|   1|0x00000006e0400000, 0x00000006e0800000, 0x00000006e0800000|100%| O|  |TAMS 0x00000006e0800000, 0x00000006e0800000| Untracked 
|   2|0x00000006e0800000, 0x00000006e0c00000, 0x00000006e0c00000|100%| O|  |TAMS 0x00000006e0c00000, 0x00000006e0c00000| Untracked 
|   3|0x00000006e0c00000, 0x00000006e0fb6e00, 0x00000006e1000000| 92%| O|  |TAMS 0x00000006e0fb6e00, 0x00000006e0fb6e00| Untracked 
|   4|0x00000006e1000000, 0x00000006e1400000, 0x00000006e1400000|100%| O|  |TAMS 0x00000006e1400000, 0x00000006e1400000| Untracked 
|   5|0x00000006e1400000, 0x00000006e1800000, 0x00000006e1800000|100%| O|  |TAMS 0x00000006e1800000, 0x00000006e1800000| Untracked 
|   6|0x00000006e1800000, 0x00000006e1c00000, 0x00000006e1c00000|100%| O|  |TAMS 0x00000006e1c00000, 0x00000006e1c00000| Untracked 
|   7|0x00000006e1c00000, 0x00000006e2000000, 0x00000006e2000000|100%| O|  |TAMS 0x00000006e2000000, 0x00000006e2000000| Untracked 
|   8|0x00000006e2000000, 0x00000006e2400000, 0x00000006e2400000|100%| O|  |TAMS 0x00000006e2400000, 0x00000006e2400000| Untracked 
|   9|0x00000006e2400000, 0x00000006e2800000, 0x00000006e2800000|100%| O|  |TAMS 0x00000006e2800000, 0x00000006e2800000| Untracked 
|  10|0x00000006e2800000, 0x00000006e2c00000, 0x00000006e2c00000|100%| O|  |TAMS 0x00000006e2c00000, 0x00000006e2c00000| Untracked 
|  11|0x00000006e2c00000, 0x00000006e3000000, 0x00000006e3000000|100%| O|  |TAMS 0x00000006e3000000, 0x00000006e3000000| Untracked 
|  12|0x00000006e3000000, 0x00000006e3400000, 0x00000006e3400000|100%| O|  |TAMS 0x00000006e3400000, 0x00000006e3400000| Untracked 
|  13|0x00000006e3400000, 0x00000006e3800000, 0x00000006e3800000|100%| O|  |TAMS 0x00000006e3800000, 0x00000006e3800000| Untracked 
|  14|0x00000006e3800000, 0x00000006e3c00000, 0x00000006e3c00000|100%| O|  |TAMS 0x00000006e3c00000, 0x00000006e3c00000| Untracked 
|  15|0x00000006e3c00000, 0x00000006e4000000, 0x00000006e4000000|100%| O|  |TAMS 0x00000006e4000000, 0x00000006e4000000| Untracked 
|  16|0x00000006e4000000, 0x00000006e4400000, 0x00000006e4400000|100%| O|  |TAMS 0x00000006e4400000, 0x00000006e4400000| Untracked 
|  17|0x00000006e4400000, 0x00000006e4800000, 0x00000006e4800000|100%| O|  |TAMS 0x00000006e4800000, 0x00000006e4800000| Untracked 
|  18|0x00000006e4800000, 0x00000006e4c00000, 0x00000006e4c00000|100%| O|  |TAMS 0x00000006e4c00000, 0x00000006e4c00000| Untracked 
|  19|0x00000006e4c00000, 0x00000006e5000000, 0x00000006e5000000|100%| O|  |TAMS 0x00000006e5000000, 0x00000006e5000000| Untracked 
|  20|0x00000006e5000000, 0x00000006e5400000, 0x00000006e5400000|100%|HS|  |TAMS 0x00000006e5400000, 0x00000006e5400000| Complete 
|  21|0x00000006e5400000, 0x00000006e5800000, 0x00000006e5800000|100%| O|  |TAMS 0x00000006e5800000, 0x00000006e5800000| Untracked 
|  22|0x00000006e5800000, 0x00000006e5c00000, 0x00000006e5c00000|100%| O|  |TAMS 0x00000006e5c00000, 0x00000006e5c00000| Untracked 
|  23|0x00000006e5c00000, 0x00000006e6000000, 0x00000006e6000000|100%|HS|  |TAMS 0x00000006e6000000, 0x00000006e6000000| Complete 
|  24|0x00000006e6000000, 0x00000006e6400000, 0x00000006e6400000|100%| O|  |TAMS 0x00000006e6400000, 0x00000006e6400000| Untracked 
|  25|0x00000006e6400000, 0x00000006e6800000, 0x00000006e6800000|100%| O|  |TAMS 0x00000006e6800000, 0x00000006e6800000| Untracked 
|  26|0x00000006e6800000, 0x00000006e6c00000, 0x00000006e6c00000|100%| O|  |TAMS 0x00000006e6c00000, 0x00000006e6c00000| Untracked 
|  27|0x00000006e6c00000, 0x00000006e7000000, 0x00000006e7000000|100%| O|  |TAMS 0x00000006e7000000, 0x00000006e7000000| Untracked 
|  28|0x00000006e7000000, 0x00000006e7400000, 0x00000006e7400000|100%| O|  |TAMS 0x00000006e7400000, 0x00000006e7400000| Untracked 
|  29|0x00000006e7400000, 0x00000006e7800000, 0x00000006e7800000|100%| O|  |TAMS 0x00000006e7800000, 0x00000006e7800000| Untracked 
|  30|0x00000006e7800000, 0x00000006e7c00000, 0x00000006e7c00000|100%| O|  |TAMS 0x00000006e7c00000, 0x00000006e7c00000| Untracked 
|  31|0x00000006e7c00000, 0x00000006e8000000, 0x00000006e8000000|100%|HS|  |TAMS 0x00000006e8000000, 0x00000006e8000000| Complete 
|  32|0x00000006e8000000, 0x00000006e8400000, 0x00000006e8400000|100%| O|  |TAMS 0x00000006e8400000, 0x00000006e8400000| Untracked 
|  33|0x00000006e8400000, 0x00000006e8800000, 0x00000006e8800000|100%| O|  |TAMS 0x00000006e8800000, 0x00000006e8800000| Untracked 
|  34|0x00000006e8800000, 0x00000006e8c00000, 0x00000006e8c00000|100%| O|  |TAMS 0x00000006e8c00000, 0x00000006e8c00000| Untracked 
|  35|0x00000006e8c00000, 0x00000006e9000000, 0x00000006e9000000|100%| O|  |TAMS 0x00000006e9000000, 0x00000006e9000000| Untracked 
|  36|0x00000006e9000000, 0x00000006e9400000, 0x00000006e9400000|100%| O|  |TAMS 0x00000006e9400000, 0x00000006e9400000| Untracked 
|  37|0x00000006e9400000, 0x00000006e9800000, 0x00000006e9800000|100%| O|  |TAMS 0x00000006e9800000, 0x00000006e9800000| Untracked 
|  38|0x00000006e9800000, 0x00000006e9c00000, 0x00000006e9c00000|100%| O|  |TAMS 0x00000006e9800000, 0x00000006e9800000| Untracked 
|  39|0x00000006e9c00000, 0x00000006ea000000, 0x00000006ea000000|100%| O|  |TAMS 0x00000006ea000000, 0x00000006ea000000| Untracked 
|  40|0x00000006ea000000, 0x00000006ea400000, 0x00000006ea400000|100%| O|  |TAMS 0x00000006ea400000, 0x00000006ea400000| Untracked 
|  41|0x00000006ea400000, 0x00000006ea800000, 0x00000006ea800000|100%| O|  |TAMS 0x00000006ea800000, 0x00000006ea800000| Untracked 
|  42|0x00000006ea800000, 0x00000006eac00000, 0x00000006eac00000|100%| O|  |TAMS 0x00000006eac00000, 0x00000006eac00000| Untracked 
|  43|0x00000006eac00000, 0x00000006eb000000, 0x00000006eb000000|100%| O|  |TAMS 0x00000006eb000000, 0x00000006eb000000| Untracked 
|  44|0x00000006eb000000, 0x00000006eb400000, 0x00000006eb400000|100%| O|  |TAMS 0x00000006eb400000, 0x00000006eb400000| Untracked 
|  45|0x00000006eb400000, 0x00000006eb800000, 0x00000006eb800000|100%| O|  |TAMS 0x00000006eb800000, 0x00000006eb800000| Untracked 
|  46|0x00000006eb800000, 0x00000006ebc00000, 0x00000006ebc00000|100%| O|  |TAMS 0x00000006ebc00000, 0x00000006ebc00000| Untracked 
|  47|0x00000006ebc00000, 0x00000006ec000000, 0x00000006ec000000|100%| O|  |TAMS 0x00000006ec000000, 0x00000006ec000000| Untracked 
|  48|0x00000006ec000000, 0x00000006ec400000, 0x00000006ec400000|100%| O|  |TAMS 0x00000006ec400000, 0x00000006ec400000| Untracked 
|  49|0x00000006ec400000, 0x00000006ec800000, 0x00000006ec800000|100%|HS|  |TAMS 0x00000006ec400000, 0x00000006ec800000| Complete 
|  50|0x00000006ec800000, 0x00000006ecc00000, 0x00000006ecc00000|100%|HS|  |TAMS 0x00000006ec800000, 0x00000006ecc00000| Complete 
|  51|0x00000006ecc00000, 0x00000006ed000000, 0x00000006ed000000|100%| O|  |TAMS 0x00000006ed000000, 0x00000006ed000000| Untracked 
|  52|0x00000006ed000000, 0x00000006ed400000, 0x00000006ed400000|100%| O|  |TAMS 0x00000006ed000000, 0x00000006ed400000| Untracked 
|  53|0x00000006ed400000, 0x00000006ed800000, 0x00000006ed800000|100%|HS|  |TAMS 0x00000006ed800000, 0x00000006ed800000| Complete 
|  54|0x00000006ed800000, 0x00000006edc00000, 0x00000006edc00000|100%|HS|  |TAMS 0x00000006edc00000, 0x00000006edc00000| Complete 
|  55|0x00000006edc00000, 0x00000006ee000000, 0x00000006ee000000|100%|HC|  |TAMS 0x00000006ee000000, 0x00000006ee000000| Complete 
|  56|0x00000006ee000000, 0x00000006ee400000, 0x00000006ee400000|100%|HC|  |TAMS 0x00000006ee400000, 0x00000006ee400000| Complete 
|  57|0x00000006ee400000, 0x00000006ee800000, 0x00000006ee800000|100%|HS|  |TAMS 0x00000006ee800000, 0x00000006ee800000| Complete 
|  58|0x00000006ee800000, 0x00000006eec00000, 0x00000006eec00000|100%|HS|  |TAMS 0x00000006eec00000, 0x00000006eec00000| Complete 
|  59|0x00000006eec00000, 0x00000006ef000000, 0x00000006ef000000|100%|HS|  |TAMS 0x00000006ef000000, 0x00000006ef000000| Complete 
|  60|0x00000006ef000000, 0x00000006ef400000, 0x00000006ef400000|100%|HC|  |TAMS 0x00000006ef400000, 0x00000006ef400000| Complete 
|  61|0x00000006ef400000, 0x00000006ef800000, 0x00000006ef800000|100%|HC|  |TAMS 0x00000006ef800000, 0x00000006ef800000| Complete 
|  62|0x00000006ef800000, 0x00000006efc00000, 0x00000006efc00000|100%| O|  |TAMS 0x00000006efc00000, 0x00000006efc00000| Untracked 
|  63|0x00000006efc00000, 0x00000006f0000000, 0x00000006f0000000|100%| O|  |TAMS 0x00000006f0000000, 0x00000006f0000000| Untracked 
|  64|0x00000006f0000000, 0x00000006f0400000, 0x00000006f0400000|100%| O|  |TAMS 0x00000006f0400000, 0x00000006f0400000| Untracked 
|  65|0x00000006f0400000, 0x00000006f0800000, 0x00000006f0800000|100%| O|  |TAMS 0x00000006f0800000, 0x00000006f0800000| Untracked 
|  66|0x00000006f0800000, 0x00000006f0c00000, 0x00000006f0c00000|100%| O|  |TAMS 0x00000006f0c00000, 0x00000006f0c00000| Untracked 
|  67|0x00000006f0c00000, 0x00000006f1000000, 0x00000006f1000000|100%| O|  |TAMS 0x00000006f1000000, 0x00000006f1000000| Untracked 
|  68|0x00000006f1000000, 0x00000006f1400000, 0x00000006f1400000|100%| O|  |TAMS 0x00000006f1400000, 0x00000006f1400000| Untracked 
|  69|0x00000006f1400000, 0x00000006f1800000, 0x00000006f1800000|100%| O|  |TAMS 0x00000006f1800000, 0x00000006f1800000| Untracked 
|  70|0x00000006f1800000, 0x00000006f1c00000, 0x00000006f1c00000|100%| O|  |TAMS 0x00000006f1c00000, 0x00000006f1c00000| Untracked 
|  71|0x00000006f1c00000, 0x00000006f2000000, 0x00000006f2000000|100%| O|  |TAMS 0x00000006f2000000, 0x00000006f2000000| Untracked 
|  72|0x00000006f2000000, 0x00000006f2400000, 0x00000006f2400000|100%| O|  |TAMS 0x00000006f2400000, 0x00000006f2400000| Untracked 
|  73|0x00000006f2400000, 0x00000006f2800000, 0x00000006f2800000|100%| O|  |TAMS 0x00000006f2800000, 0x00000006f2800000| Untracked 
|  74|0x00000006f2800000, 0x00000006f2c00000, 0x00000006f2c00000|100%|HS|  |TAMS 0x00000006f2800000, 0x00000006f2c00000| Complete 
|  75|0x00000006f2c00000, 0x00000006f3000000, 0x00000006f3000000|100%| O|  |TAMS 0x00000006f3000000, 0x00000006f3000000| Untracked 
|  76|0x00000006f3000000, 0x00000006f3400000, 0x00000006f3400000|100%| O|  |TAMS 0x00000006f3000000, 0x00000006f3000000| Untracked 
|  77|0x00000006f3400000, 0x00000006f3800000, 0x00000006f3800000|100%| O|  |TAMS 0x00000006f3400000, 0x00000006f3800000| Untracked 
|  78|0x00000006f3800000, 0x00000006f3c00000, 0x00000006f3c00000|100%|HS|  |TAMS 0x00000006f3800000, 0x00000006f3c00000| Complete 
|  79|0x00000006f3c00000, 0x00000006f4000000, 0x00000006f4000000|100%| O|  |TAMS 0x00000006f3c00000, 0x00000006f4000000| Untracked 
|  80|0x00000006f4000000, 0x00000006f4400000, 0x00000006f4400000|100%| O|  |TAMS 0x00000006f4000000, 0x00000006f4400000| Untracked 
|  81|0x00000006f4400000, 0x00000006f4800000, 0x00000006f4800000|100%| O|  |TAMS 0x00000006f4400000, 0x00000006f4800000| Untracked 
|  82|0x00000006f4800000, 0x00000006f4c00000, 0x00000006f4c00000|100%| O|  |TAMS 0x00000006f4800000, 0x00000006f4c00000| Untracked 
|  83|0x00000006f4c00000, 0x00000006f5000000, 0x00000006f5000000|100%| O|  |TAMS 0x00000006f5000000, 0x00000006f5000000| Untracked 
|  84|0x00000006f5000000, 0x00000006f5400000, 0x00000006f5400000|100%| O|  |TAMS 0x00000006f5400000, 0x00000006f5400000| Untracked 
|  85|0x00000006f5400000, 0x00000006f5800000, 0x00000006f5800000|100%| O|  |TAMS 0x00000006f5800000, 0x00000006f5800000| Untracked 
|  86|0x00000006f5800000, 0x00000006f5c00000, 0x00000006f5c00000|100%| O|  |TAMS 0x00000006f5c00000, 0x00000006f5c00000| Untracked 
|  87|0x00000006f5c00000, 0x00000006f6000000, 0x00000006f6000000|100%| O|  |TAMS 0x00000006f6000000, 0x00000006f6000000| Untracked 
|  88|0x00000006f6000000, 0x00000006f6400000, 0x00000006f6400000|100%| O|  |TAMS 0x00000006f6000000, 0x00000006f6000000| Untracked 
|  89|0x00000006f6400000, 0x00000006f6800000, 0x00000006f6800000|100%| O|  |TAMS 0x00000006f6400000, 0x00000006f6400000| Untracked 
|  90|0x00000006f6800000, 0x00000006f6c00000, 0x00000006f6c00000|100%| O|  |TAMS 0x00000006f6800000, 0x00000006f6800000| Untracked 
|  91|0x00000006f6c00000, 0x00000006f7000000, 0x00000006f7000000|100%| O|  |TAMS 0x00000006f7000000, 0x00000006f7000000| Untracked 
|  92|0x00000006f7000000, 0x00000006f7400000, 0x00000006f7400000|100%| O|  |TAMS 0x00000006f7000000, 0x00000006f7400000| Untracked 
|  93|0x00000006f7400000, 0x00000006f7800000, 0x00000006f7800000|100%| O|  |TAMS 0x00000006f7400000, 0x00000006f7800000| Untracked 
|  94|0x00000006f7800000, 0x00000006f7c00000, 0x00000006f7c00000|100%| O|  |TAMS 0x00000006f7800000, 0x00000006f7c00000| Untracked 
|  95|0x00000006f7c00000, 0x00000006f8000000, 0x00000006f8000000|100%| O|  |TAMS 0x00000006f7c00000, 0x00000006f8000000| Untracked 
|  96|0x00000006f8000000, 0x00000006f8400000, 0x00000006f8400000|100%| O|  |TAMS 0x00000006f8000000, 0x00000006f8400000| Untracked 
|  97|0x00000006f8400000, 0x00000006f8800000, 0x00000006f8800000|100%| O|  |TAMS 0x00000006f8400000, 0x00000006f8800000| Untracked 
|  98|0x00000006f8800000, 0x00000006f8c00000, 0x00000006f8c00000|100%| O|  |TAMS 0x00000006f8800000, 0x00000006f8c00000| Untracked 
|  99|0x00000006f8c00000, 0x00000006f9000000, 0x00000006f9000000|100%| O|  |TAMS 0x00000006f8c00000, 0x00000006f9000000| Untracked 
| 100|0x00000006f9000000, 0x00000006f9400000, 0x00000006f9400000|100%| O|  |TAMS 0x00000006f9000000, 0x00000006f9400000| Untracked 
| 101|0x00000006f9400000, 0x00000006f9800000, 0x00000006f9800000|100%| O|  |TAMS 0x00000006f9400000, 0x00000006f9800000| Untracked 
| 102|0x00000006f9800000, 0x00000006f9c00000, 0x00000006f9c00000|100%| O|  |TAMS 0x00000006f9800000, 0x00000006f9c00000| Untracked 
| 103|0x00000006f9c00000, 0x00000006fa000000, 0x00000006fa000000|100%| O|  |TAMS 0x00000006f9c00000, 0x00000006fa000000| Untracked 
| 104|0x00000006fa000000, 0x00000006fa400000, 0x00000006fa400000|100%| O|  |TAMS 0x00000006fa000000, 0x00000006fa400000| Untracked 
| 105|0x00000006fa400000, 0x00000006fa800000, 0x00000006fa800000|100%| O|  |TAMS 0x00000006fa400000, 0x00000006fa800000| Untracked 
| 106|0x00000006fa800000, 0x00000006fac00000, 0x00000006fac00000|100%| O|  |TAMS 0x00000006fa800000, 0x00000006fac00000| Untracked 
| 107|0x00000006fac00000, 0x00000006fb000000, 0x00000006fb000000|100%| O|  |TAMS 0x00000006fac00000, 0x00000006fb000000| Untracked 
| 108|0x00000006fb000000, 0x00000006fb400000, 0x00000006fb400000|100%| O|  |TAMS 0x00000006fb000000, 0x00000006fb400000| Untracked 
| 109|0x00000006fb400000, 0x00000006fb800000, 0x00000006fb800000|100%| O|  |TAMS 0x00000006fb400000, 0x00000006fb800000| Untracked 
| 110|0x00000006fb800000, 0x00000006fbc00000, 0x00000006fbc00000|100%| O|  |TAMS 0x00000006fb800000, 0x00000006fbc00000| Untracked 
| 111|0x00000006fbc00000, 0x00000006fc000000, 0x00000006fc000000|100%| O|  |TAMS 0x00000006fbc00000, 0x00000006fc000000| Untracked 
| 112|0x00000006fc000000, 0x00000006fc400000, 0x00000006fc400000|100%| O|  |TAMS 0x00000006fc000000, 0x00000006fc400000| Untracked 
| 113|0x00000006fc400000, 0x00000006fc800000, 0x00000006fc800000|100%| O|  |TAMS 0x00000006fc400000, 0x00000006fc800000| Untracked 
| 114|0x00000006fc800000, 0x00000006fcc00000, 0x00000006fcc00000|100%| O|  |TAMS 0x00000006fc800000, 0x00000006fcc00000| Untracked 
| 115|0x00000006fcc00000, 0x00000006fd000000, 0x00000006fd000000|100%| O|  |TAMS 0x00000006fcc00000, 0x00000006fd000000| Untracked 
| 116|0x00000006fd000000, 0x00000006fd400000, 0x00000006fd400000|100%| O|  |TAMS 0x00000006fd000000, 0x00000006fd400000| Untracked 
| 117|0x00000006fd400000, 0x00000006fd800000, 0x00000006fd800000|100%| O|  |TAMS 0x00000006fd400000, 0x00000006fd800000| Untracked 
| 118|0x00000006fd800000, 0x00000006fdc00000, 0x00000006fdc00000|100%| O|  |TAMS 0x00000006fd800000, 0x00000006fdc00000| Untracked 
| 119|0x00000006fdc00000, 0x00000006fe000000, 0x00000006fe000000|100%| O|  |TAMS 0x00000006fdc00000, 0x00000006fe000000| Untracked 
| 120|0x00000006fe000000, 0x00000006fe400000, 0x00000006fe400000|100%| O|  |TAMS 0x00000006fe000000, 0x00000006fe400000| Untracked 
| 121|0x00000006fe400000, 0x00000006fe800000, 0x00000006fe800000|100%| O|  |TAMS 0x00000006fe400000, 0x00000006fe800000| Untracked 
| 122|0x00000006fe800000, 0x00000006fec00000, 0x00000006fec00000|100%| O|  |TAMS 0x00000006fe800000, 0x00000006fec00000| Untracked 
| 123|0x00000006fec00000, 0x00000006ff000000, 0x00000006ff000000|100%| O|  |TAMS 0x00000006fec00000, 0x00000006ff000000| Untracked 
| 124|0x00000006ff000000, 0x00000006ff400000, 0x00000006ff400000|100%| O|  |TAMS 0x00000006ff000000, 0x00000006ff400000| Untracked 
| 125|0x00000006ff400000, 0x00000006ff800000, 0x00000006ff800000|100%| O|  |TAMS 0x00000006ff400000, 0x00000006ff800000| Untracked 
| 126|0x00000006ff800000, 0x00000006ffc00000, 0x00000006ffc00000|100%| O|  |TAMS 0x00000006ff800000, 0x00000006ffc00000| Untracked 
| 127|0x00000006ffc00000, 0x0000000700000000, 0x0000000700000000|100%| O|  |TAMS 0x00000006ffc00000, 0x0000000700000000| Untracked 
| 128|0x0000000700000000, 0x0000000700400000, 0x0000000700400000|100%| O|  |TAMS 0x0000000700000000, 0x0000000700400000| Untracked 
| 129|0x0000000700400000, 0x0000000700800000, 0x0000000700800000|100%| O|  |TAMS 0x0000000700400000, 0x0000000700800000| Untracked 
| 130|0x0000000700800000, 0x0000000700c00000, 0x0000000700c00000|100%| O|  |TAMS 0x0000000700800000, 0x0000000700c00000| Untracked 
| 131|0x0000000700c00000, 0x0000000701000000, 0x0000000701000000|100%| O|  |TAMS 0x0000000700c00000, 0x0000000701000000| Untracked 
| 132|0x0000000701000000, 0x0000000701400000, 0x0000000701400000|100%| O|  |TAMS 0x0000000701000000, 0x0000000701400000| Untracked 
| 133|0x0000000701400000, 0x0000000701800000, 0x0000000701800000|100%| O|  |TAMS 0x0000000701400000, 0x0000000701800000| Untracked 
| 134|0x0000000701800000, 0x0000000701c00000, 0x0000000701c00000|100%| O|  |TAMS 0x0000000701800000, 0x0000000701b1e800| Untracked 
| 135|0x0000000701c00000, 0x0000000701d0c000, 0x0000000702000000| 26%| O|  |TAMS 0x0000000701c00000, 0x0000000701c00000| Untracked 
| 136|0x0000000702000000, 0x0000000702000000, 0x0000000702400000|  0%| F|  |TAMS 0x0000000702000000, 0x0000000702000000| Untracked 
| 137|0x0000000702400000, 0x0000000702400000, 0x0000000702800000|  0%| F|  |TAMS 0x0000000702400000, 0x0000000702400000| Untracked 
| 138|0x0000000702800000, 0x0000000702800000, 0x0000000702c00000|  0%| F|  |TAMS 0x0000000702800000, 0x0000000702800000| Untracked 
| 139|0x0000000702c00000, 0x0000000702c00000, 0x0000000703000000|  0%| F|  |TAMS 0x0000000702c00000, 0x0000000702c00000| Untracked 
| 140|0x0000000703000000, 0x0000000703000000, 0x0000000703400000|  0%| F|  |TAMS 0x0000000703000000, 0x0000000703000000| Untracked 
| 141|0x0000000703400000, 0x0000000703400000, 0x0000000703800000|  0%| F|  |TAMS 0x0000000703400000, 0x0000000703400000| Untracked 
| 142|0x0000000703800000, 0x0000000703800000, 0x0000000703c00000|  0%| F|  |TAMS 0x0000000703800000, 0x0000000703800000| Untracked 
| 143|0x0000000703c00000, 0x0000000703c00000, 0x0000000704000000|  0%| F|  |TAMS 0x0000000703c00000, 0x0000000703c00000| Untracked 
| 144|0x0000000704000000, 0x0000000704000000, 0x0000000704400000|  0%| F|  |TAMS 0x0000000704000000, 0x0000000704000000| Untracked 
| 145|0x0000000704400000, 0x0000000704400000, 0x0000000704800000|  0%| F|  |TAMS 0x0000000704400000, 0x0000000704400000| Untracked 
| 146|0x0000000704800000, 0x0000000704800000, 0x0000000704c00000|  0%| F|  |TAMS 0x0000000704800000, 0x0000000704800000| Untracked 
| 147|0x0000000704c00000, 0x0000000704c00000, 0x0000000705000000|  0%| F|  |TAMS 0x0000000704c00000, 0x0000000704c00000| Untracked 
| 148|0x0000000705000000, 0x0000000705000000, 0x0000000705400000|  0%| F|  |TAMS 0x0000000705000000, 0x0000000705000000| Untracked 
| 149|0x0000000705400000, 0x0000000705400000, 0x0000000705800000|  0%| F|  |TAMS 0x0000000705400000, 0x0000000705400000| Untracked 
| 150|0x0000000705800000, 0x0000000705800000, 0x0000000705c00000|  0%| F|  |TAMS 0x0000000705800000, 0x0000000705800000| Untracked 
| 151|0x0000000705c00000, 0x0000000705c00000, 0x0000000706000000|  0%| F|  |TAMS 0x0000000705c00000, 0x0000000705c00000| Untracked 
| 152|0x0000000706000000, 0x0000000706000000, 0x0000000706400000|  0%| F|  |TAMS 0x0000000706000000, 0x0000000706000000| Untracked 
| 153|0x0000000706400000, 0x0000000706400000, 0x0000000706800000|  0%| F|  |TAMS 0x0000000706400000, 0x0000000706400000| Untracked 
| 154|0x0000000706800000, 0x0000000706800000, 0x0000000706c00000|  0%| F|  |TAMS 0x0000000706800000, 0x0000000706800000| Untracked 
| 155|0x0000000706c00000, 0x0000000706c00000, 0x0000000707000000|  0%| F|  |TAMS 0x0000000706c00000, 0x0000000706c00000| Untracked 
| 156|0x0000000707000000, 0x0000000707000000, 0x0000000707400000|  0%| F|  |TAMS 0x0000000707000000, 0x0000000707000000| Untracked 
| 157|0x0000000707400000, 0x0000000707400000, 0x0000000707800000|  0%| F|  |TAMS 0x0000000707400000, 0x0000000707400000| Untracked 
| 158|0x0000000707800000, 0x0000000707800000, 0x0000000707c00000|  0%| F|  |TAMS 0x0000000707800000, 0x0000000707800000| Untracked 
| 159|0x0000000707c00000, 0x0000000707c00000, 0x0000000708000000|  0%| F|  |TAMS 0x0000000707c00000, 0x0000000707c00000| Untracked 
| 160|0x0000000708000000, 0x0000000708000000, 0x0000000708400000|  0%| F|  |TAMS 0x0000000708000000, 0x0000000708000000| Untracked 
| 161|0x0000000708400000, 0x0000000708400000, 0x0000000708800000|  0%| F|  |TAMS 0x0000000708400000, 0x0000000708400000| Untracked 
| 162|0x0000000708800000, 0x0000000708800000, 0x0000000708c00000|  0%| F|  |TAMS 0x0000000708800000, 0x0000000708800000| Untracked 
| 163|0x0000000708c00000, 0x0000000708c00000, 0x0000000709000000|  0%| F|  |TAMS 0x0000000708c00000, 0x0000000708c00000| Untracked 
| 164|0x0000000709000000, 0x0000000709000000, 0x0000000709400000|  0%| F|  |TAMS 0x0000000709000000, 0x0000000709000000| Untracked 
| 165|0x0000000709400000, 0x0000000709400000, 0x0000000709800000|  0%| F|  |TAMS 0x0000000709400000, 0x0000000709400000| Untracked 
| 166|0x0000000709800000, 0x0000000709800000, 0x0000000709c00000|  0%| F|  |TAMS 0x0000000709800000, 0x0000000709800000| Untracked 
| 167|0x0000000709c00000, 0x0000000709c00000, 0x000000070a000000|  0%| F|  |TAMS 0x0000000709c00000, 0x0000000709c00000| Untracked 
| 168|0x000000070a000000, 0x000000070a000000, 0x000000070a400000|  0%| F|  |TAMS 0x000000070a000000, 0x000000070a000000| Untracked 
| 169|0x000000070a400000, 0x000000070a400000, 0x000000070a800000|  0%| F|  |TAMS 0x000000070a400000, 0x000000070a400000| Untracked 
| 170|0x000000070a800000, 0x000000070a800000, 0x000000070ac00000|  0%| F|  |TAMS 0x000000070a800000, 0x000000070a800000| Untracked 
| 171|0x000000070ac00000, 0x000000070ac00000, 0x000000070b000000|  0%| F|  |TAMS 0x000000070ac00000, 0x000000070ac00000| Untracked 
| 172|0x000000070b000000, 0x000000070b000000, 0x000000070b400000|  0%| F|  |TAMS 0x000000070b000000, 0x000000070b000000| Untracked 
| 173|0x000000070b400000, 0x000000070b400000, 0x000000070b800000|  0%| F|  |TAMS 0x000000070b400000, 0x000000070b400000| Untracked 
| 174|0x000000070b800000, 0x000000070b800000, 0x000000070bc00000|  0%| F|  |TAMS 0x000000070b800000, 0x000000070b800000| Untracked 
| 175|0x000000070bc00000, 0x000000070bc00000, 0x000000070c000000|  0%| F|  |TAMS 0x000000070bc00000, 0x000000070bc00000| Untracked 
| 176|0x000000070c000000, 0x000000070c000000, 0x000000070c400000|  0%| F|  |TAMS 0x000000070c000000, 0x000000070c000000| Untracked 
| 177|0x000000070c400000, 0x000000070c400000, 0x000000070c800000|  0%| F|  |TAMS 0x000000070c400000, 0x000000070c400000| Untracked 
| 178|0x000000070c800000, 0x000000070c800000, 0x000000070cc00000|  0%| F|  |TAMS 0x000000070c800000, 0x000000070c800000| Untracked 
| 179|0x000000070cc00000, 0x000000070cc00000, 0x000000070d000000|  0%| F|  |TAMS 0x000000070cc00000, 0x000000070cc00000| Untracked 
| 180|0x000000070d000000, 0x000000070d000000, 0x000000070d400000|  0%| F|  |TAMS 0x000000070d000000, 0x000000070d000000| Untracked 
| 181|0x000000070d400000, 0x000000070d400000, 0x000000070d800000|  0%| F|  |TAMS 0x000000070d400000, 0x000000070d400000| Untracked 
| 182|0x000000070d800000, 0x000000070d800000, 0x000000070dc00000|  0%| F|  |TAMS 0x000000070d800000, 0x000000070d800000| Untracked 
| 183|0x000000070dc00000, 0x000000070dc00000, 0x000000070e000000|  0%| F|  |TAMS 0x000000070dc00000, 0x000000070dc00000| Untracked 
| 184|0x000000070e000000, 0x000000070e000000, 0x000000070e400000|  0%| F|  |TAMS 0x000000070e000000, 0x000000070e000000| Untracked 
| 185|0x000000070e400000, 0x000000070e400000, 0x000000070e800000|  0%| F|  |TAMS 0x000000070e400000, 0x000000070e400000| Untracked 
| 186|0x000000070e800000, 0x000000070e800000, 0x000000070ec00000|  0%| F|  |TAMS 0x000000070e800000, 0x000000070e800000| Untracked 
| 187|0x000000070ec00000, 0x000000070ec00000, 0x000000070f000000|  0%| F|  |TAMS 0x000000070ec00000, 0x000000070ec00000| Untracked 
| 188|0x000000070f000000, 0x000000070f000000, 0x000000070f400000|  0%| F|  |TAMS 0x000000070f000000, 0x000000070f000000| Untracked 
| 189|0x000000070f400000, 0x000000070f400000, 0x000000070f800000|  0%| F|  |TAMS 0x000000070f400000, 0x000000070f400000| Untracked 
| 190|0x000000070f800000, 0x000000070f800000, 0x000000070fc00000|  0%| F|  |TAMS 0x000000070f800000, 0x000000070f800000| Untracked 
| 191|0x000000070fc00000, 0x000000070fc00000, 0x0000000710000000|  0%| F|  |TAMS 0x000000070fc00000, 0x000000070fc00000| Untracked 
| 192|0x0000000710000000, 0x0000000710000000, 0x0000000710400000|  0%| F|  |TAMS 0x0000000710000000, 0x0000000710000000| Untracked 
| 193|0x0000000710400000, 0x0000000710400000, 0x0000000710800000|  0%| F|  |TAMS 0x0000000710400000, 0x0000000710400000| Untracked 
| 194|0x0000000710800000, 0x0000000710800000, 0x0000000710c00000|  0%| F|  |TAMS 0x0000000710800000, 0x0000000710800000| Untracked 
| 195|0x0000000710c00000, 0x0000000710c00000, 0x0000000711000000|  0%| F|  |TAMS 0x0000000710c00000, 0x0000000710c00000| Untracked 
| 196|0x0000000711000000, 0x0000000711000000, 0x0000000711400000|  0%| F|  |TAMS 0x0000000711000000, 0x0000000711000000| Untracked 
| 197|0x0000000711400000, 0x0000000711400000, 0x0000000711800000|  0%| F|  |TAMS 0x0000000711400000, 0x0000000711400000| Untracked 
| 198|0x0000000711800000, 0x0000000711800000, 0x0000000711c00000|  0%| F|  |TAMS 0x0000000711800000, 0x0000000711800000| Untracked 
| 199|0x0000000711c00000, 0x0000000711c00000, 0x0000000712000000|  0%| F|  |TAMS 0x0000000711c00000, 0x0000000711c00000| Untracked 
| 200|0x0000000712000000, 0x0000000712000000, 0x0000000712400000|  0%| F|  |TAMS 0x0000000712000000, 0x0000000712000000| Untracked 
| 201|0x0000000712400000, 0x0000000712400000, 0x0000000712800000|  0%| F|  |TAMS 0x0000000712400000, 0x0000000712400000| Untracked 
| 202|0x0000000712800000, 0x0000000712800000, 0x0000000712c00000|  0%| F|  |TAMS 0x0000000712800000, 0x0000000712800000| Untracked 
| 203|0x0000000712c00000, 0x0000000712c00000, 0x0000000713000000|  0%| F|  |TAMS 0x0000000712c00000, 0x0000000712c00000| Untracked 
| 204|0x0000000713000000, 0x0000000713000000, 0x0000000713400000|  0%| F|  |TAMS 0x0000000713000000, 0x0000000713000000| Untracked 
| 205|0x0000000713400000, 0x0000000713400000, 0x0000000713800000|  0%| F|  |TAMS 0x0000000713400000, 0x0000000713400000| Untracked 
| 206|0x0000000713800000, 0x0000000713800000, 0x0000000713c00000|  0%| F|  |TAMS 0x0000000713800000, 0x0000000713800000| Untracked 
| 207|0x0000000713c00000, 0x0000000713c00000, 0x0000000714000000|  0%| F|  |TAMS 0x0000000713c00000, 0x0000000713c00000| Untracked 
| 208|0x0000000714000000, 0x0000000714000000, 0x0000000714400000|  0%| F|  |TAMS 0x0000000714000000, 0x0000000714000000| Untracked 
| 209|0x0000000714400000, 0x0000000714400000, 0x0000000714800000|  0%| F|  |TAMS 0x0000000714400000, 0x0000000714400000| Untracked 
| 210|0x0000000714800000, 0x0000000714800000, 0x0000000714c00000|  0%| F|  |TAMS 0x0000000714800000, 0x0000000714800000| Untracked 
| 211|0x0000000714c00000, 0x0000000714c00000, 0x0000000715000000|  0%| F|  |TAMS 0x0000000714c00000, 0x0000000714c00000| Untracked 
| 212|0x0000000715000000, 0x0000000715000000, 0x0000000715400000|  0%| F|  |TAMS 0x0000000715000000, 0x0000000715000000| Untracked 
| 213|0x0000000715400000, 0x0000000715400000, 0x0000000715800000|  0%| F|  |TAMS 0x0000000715400000, 0x0000000715400000| Untracked 
| 214|0x0000000715800000, 0x0000000715800000, 0x0000000715c00000|  0%| F|  |TAMS 0x0000000715800000, 0x0000000715800000| Untracked 
| 215|0x0000000715c00000, 0x0000000715c00000, 0x0000000716000000|  0%| F|  |TAMS 0x0000000715c00000, 0x0000000715c00000| Untracked 
| 216|0x0000000716000000, 0x0000000716000000, 0x0000000716400000|  0%| F|  |TAMS 0x0000000716000000, 0x0000000716000000| Untracked 
| 217|0x0000000716400000, 0x0000000716400000, 0x0000000716800000|  0%| F|  |TAMS 0x0000000716400000, 0x0000000716400000| Untracked 
| 218|0x0000000716800000, 0x0000000716800000, 0x0000000716c00000|  0%| F|  |TAMS 0x0000000716800000, 0x0000000716800000| Untracked 
| 219|0x0000000716c00000, 0x0000000716c00000, 0x0000000717000000|  0%| F|  |TAMS 0x0000000716c00000, 0x0000000716c00000| Untracked 
| 220|0x0000000717000000, 0x0000000717000000, 0x0000000717400000|  0%| F|  |TAMS 0x0000000717000000, 0x0000000717000000| Untracked 
| 221|0x0000000717400000, 0x0000000717400000, 0x0000000717800000|  0%| F|  |TAMS 0x0000000717400000, 0x0000000717400000| Untracked 
| 222|0x0000000717800000, 0x0000000717800000, 0x0000000717c00000|  0%| F|  |TAMS 0x0000000717800000, 0x0000000717800000| Untracked 
| 223|0x0000000717c00000, 0x0000000717c00000, 0x0000000718000000|  0%| F|  |TAMS 0x0000000717c00000, 0x0000000717c00000| Untracked 
| 224|0x0000000718000000, 0x0000000718000000, 0x0000000718400000|  0%| F|  |TAMS 0x0000000718000000, 0x0000000718000000| Untracked 
| 225|0x0000000718400000, 0x0000000718400000, 0x0000000718800000|  0%| F|  |TAMS 0x0000000718400000, 0x0000000718400000| Untracked 
| 226|0x0000000718800000, 0x0000000718800000, 0x0000000718c00000|  0%| F|  |TAMS 0x0000000718800000, 0x0000000718800000| Untracked 
| 227|0x0000000718c00000, 0x0000000718c00000, 0x0000000719000000|  0%| F|  |TAMS 0x0000000718c00000, 0x0000000718c00000| Untracked 
| 228|0x0000000719000000, 0x0000000719000000, 0x0000000719400000|  0%| F|  |TAMS 0x0000000719000000, 0x0000000719000000| Untracked 
| 229|0x0000000719400000, 0x0000000719400000, 0x0000000719800000|  0%| F|  |TAMS 0x0000000719400000, 0x0000000719400000| Untracked 
| 230|0x0000000719800000, 0x0000000719800000, 0x0000000719c00000|  0%| F|  |TAMS 0x0000000719800000, 0x0000000719800000| Untracked 
| 231|0x0000000719c00000, 0x0000000719c00000, 0x000000071a000000|  0%| F|  |TAMS 0x0000000719c00000, 0x0000000719c00000| Untracked 
| 232|0x000000071a000000, 0x000000071a000000, 0x000000071a400000|  0%| F|  |TAMS 0x000000071a000000, 0x000000071a000000| Untracked 
| 233|0x000000071a400000, 0x000000071a400000, 0x000000071a800000|  0%| F|  |TAMS 0x000000071a400000, 0x000000071a400000| Untracked 
| 234|0x000000071a800000, 0x000000071a800000, 0x000000071ac00000|  0%| F|  |TAMS 0x000000071a800000, 0x000000071a800000| Untracked 
| 235|0x000000071ac00000, 0x000000071ac00000, 0x000000071b000000|  0%| F|  |TAMS 0x000000071ac00000, 0x000000071ac00000| Untracked 
| 236|0x000000071b000000, 0x000000071b000000, 0x000000071b400000|  0%| F|  |TAMS 0x000000071b000000, 0x000000071b000000| Untracked 
| 237|0x000000071b400000, 0x000000071b400000, 0x000000071b800000|  0%| F|  |TAMS 0x000000071b400000, 0x000000071b400000| Untracked 
| 238|0x000000071b800000, 0x000000071b800000, 0x000000071bc00000|  0%| F|  |TAMS 0x000000071b800000, 0x000000071b800000| Untracked 
| 239|0x000000071bc00000, 0x000000071bc00000, 0x000000071c000000|  0%| F|  |TAMS 0x000000071bc00000, 0x000000071bc00000| Untracked 
| 240|0x000000071c000000, 0x000000071c000000, 0x000000071c400000|  0%| F|  |TAMS 0x000000071c000000, 0x000000071c000000| Untracked 
| 241|0x000000071c400000, 0x000000071c400000, 0x000000071c800000|  0%| F|  |TAMS 0x000000071c400000, 0x000000071c400000| Untracked 
| 242|0x000000071c800000, 0x000000071c800000, 0x000000071cc00000|  0%| F|  |TAMS 0x000000071c800000, 0x000000071c800000| Untracked 
| 243|0x000000071cc00000, 0x000000071cc00000, 0x000000071d000000|  0%| F|  |TAMS 0x000000071cc00000, 0x000000071cc00000| Untracked 
| 244|0x000000071d000000, 0x000000071d000000, 0x000000071d400000|  0%| F|  |TAMS 0x000000071d000000, 0x000000071d000000| Untracked 
| 245|0x000000071d400000, 0x000000071d400000, 0x000000071d800000|  0%| F|  |TAMS 0x000000071d400000, 0x000000071d400000| Untracked 
| 246|0x000000071d800000, 0x000000071d800000, 0x000000071dc00000|  0%| F|  |TAMS 0x000000071d800000, 0x000000071d800000| Untracked 
| 247|0x000000071dc00000, 0x000000071dc00000, 0x000000071e000000|  0%| F|  |TAMS 0x000000071dc00000, 0x000000071dc00000| Untracked 
| 248|0x000000071e000000, 0x000000071e000000, 0x000000071e400000|  0%| F|  |TAMS 0x000000071e000000, 0x000000071e000000| Untracked 
| 249|0x000000071e400000, 0x000000071e400000, 0x000000071e800000|  0%| F|  |TAMS 0x000000071e400000, 0x000000071e400000| Untracked 
| 250|0x000000071e800000, 0x000000071e800000, 0x000000071ec00000|  0%| F|  |TAMS 0x000000071e800000, 0x000000071e800000| Untracked 
| 251|0x000000071ec00000, 0x000000071ec00000, 0x000000071f000000|  0%| F|  |TAMS 0x000000071ec00000, 0x000000071ec00000| Untracked 
| 252|0x000000071f000000, 0x000000071f000000, 0x000000071f400000|  0%| F|  |TAMS 0x000000071f000000, 0x000000071f000000| Untracked 
| 253|0x000000071f400000, 0x000000071f400000, 0x000000071f800000|  0%| F|  |TAMS 0x000000071f400000, 0x000000071f400000| Untracked 
| 254|0x000000071f800000, 0x000000071f800000, 0x000000071fc00000|  0%| F|  |TAMS 0x000000071f800000, 0x000000071f800000| Untracked 
| 255|0x000000071fc00000, 0x000000071fc00000, 0x0000000720000000|  0%| F|  |TAMS 0x000000071fc00000, 0x000000071fc00000| Untracked 
| 256|0x0000000720000000, 0x0000000720000000, 0x0000000720400000|  0%| F|  |TAMS 0x0000000720000000, 0x0000000720000000| Untracked 
| 257|0x0000000720400000, 0x0000000720400000, 0x0000000720800000|  0%| F|  |TAMS 0x0000000720400000, 0x0000000720400000| Untracked 
| 258|0x0000000720800000, 0x0000000720800000, 0x0000000720c00000|  0%| F|  |TAMS 0x0000000720800000, 0x0000000720800000| Untracked 
| 259|0x0000000720c00000, 0x0000000720c00000, 0x0000000721000000|  0%| F|  |TAMS 0x0000000720c00000, 0x0000000720c00000| Untracked 
| 260|0x0000000721000000, 0x0000000721000000, 0x0000000721400000|  0%| F|  |TAMS 0x0000000721000000, 0x0000000721000000| Untracked 
| 261|0x0000000721400000, 0x0000000721400000, 0x0000000721800000|  0%| F|  |TAMS 0x0000000721400000, 0x0000000721400000| Untracked 
| 262|0x0000000721800000, 0x0000000721800000, 0x0000000721c00000|  0%| F|  |TAMS 0x0000000721800000, 0x0000000721800000| Untracked 
| 263|0x0000000721c00000, 0x0000000721c00000, 0x0000000722000000|  0%| F|  |TAMS 0x0000000721c00000, 0x0000000721c00000| Untracked 
| 264|0x0000000722000000, 0x0000000722000000, 0x0000000722400000|  0%| F|  |TAMS 0x0000000722000000, 0x0000000722000000| Untracked 
| 265|0x0000000722400000, 0x0000000722400000, 0x0000000722800000|  0%| F|  |TAMS 0x0000000722400000, 0x0000000722400000| Untracked 
| 266|0x0000000722800000, 0x0000000722800000, 0x0000000722c00000|  0%| F|  |TAMS 0x0000000722800000, 0x0000000722800000| Untracked 
| 267|0x0000000722c00000, 0x0000000722c00000, 0x0000000723000000|  0%| F|  |TAMS 0x0000000722c00000, 0x0000000722c00000| Untracked 
| 268|0x0000000723000000, 0x0000000723000000, 0x0000000723400000|  0%| F|  |TAMS 0x0000000723000000, 0x0000000723000000| Untracked 
| 269|0x0000000723400000, 0x0000000723400000, 0x0000000723800000|  0%| F|  |TAMS 0x0000000723400000, 0x0000000723400000| Untracked 
| 270|0x0000000723800000, 0x0000000723800000, 0x0000000723c00000|  0%| F|  |TAMS 0x0000000723800000, 0x0000000723800000| Untracked 
| 271|0x0000000723c00000, 0x0000000723c00000, 0x0000000724000000|  0%| F|  |TAMS 0x0000000723c00000, 0x0000000723c00000| Untracked 
| 272|0x0000000724000000, 0x0000000724000000, 0x0000000724400000|  0%| F|  |TAMS 0x0000000724000000, 0x0000000724000000| Untracked 
| 273|0x0000000724400000, 0x0000000724400000, 0x0000000724800000|  0%| F|  |TAMS 0x0000000724400000, 0x0000000724400000| Untracked 
| 274|0x0000000724800000, 0x0000000724800000, 0x0000000724c00000|  0%| F|  |TAMS 0x0000000724800000, 0x0000000724800000| Untracked 
| 275|0x0000000724c00000, 0x0000000724c00000, 0x0000000725000000|  0%| F|  |TAMS 0x0000000724c00000, 0x0000000724c00000| Untracked 
| 276|0x0000000725000000, 0x0000000725000000, 0x0000000725400000|  0%| F|  |TAMS 0x0000000725000000, 0x0000000725000000| Untracked 
| 277|0x0000000725400000, 0x0000000725400000, 0x0000000725800000|  0%| F|  |TAMS 0x0000000725400000, 0x0000000725400000| Untracked 
| 278|0x0000000725800000, 0x0000000725800000, 0x0000000725c00000|  0%| F|  |TAMS 0x0000000725800000, 0x0000000725800000| Untracked 
| 279|0x0000000725c00000, 0x0000000725c00000, 0x0000000726000000|  0%| F|  |TAMS 0x0000000725c00000, 0x0000000725c00000| Untracked 
| 280|0x0000000726000000, 0x0000000726000000, 0x0000000726400000|  0%| F|  |TAMS 0x0000000726000000, 0x0000000726000000| Untracked 
| 281|0x0000000726400000, 0x0000000726400000, 0x0000000726800000|  0%| F|  |TAMS 0x0000000726400000, 0x0000000726400000| Untracked 
| 282|0x0000000726800000, 0x0000000726800000, 0x0000000726c00000|  0%| F|  |TAMS 0x0000000726800000, 0x0000000726800000| Untracked 
| 283|0x0000000726c00000, 0x0000000726c00000, 0x0000000727000000|  0%| F|  |TAMS 0x0000000726c00000, 0x0000000726c00000| Untracked 
| 284|0x0000000727000000, 0x0000000727000000, 0x0000000727400000|  0%| F|  |TAMS 0x0000000727000000, 0x0000000727000000| Untracked 
| 285|0x0000000727400000, 0x0000000727400000, 0x0000000727800000|  0%| F|  |TAMS 0x0000000727400000, 0x0000000727400000| Untracked 
| 286|0x0000000727800000, 0x0000000727800000, 0x0000000727c00000|  0%| F|  |TAMS 0x0000000727800000, 0x0000000727800000| Untracked 
| 287|0x0000000727c00000, 0x0000000727c00000, 0x0000000728000000|  0%| F|  |TAMS 0x0000000727c00000, 0x0000000727c00000| Untracked 
| 288|0x0000000728000000, 0x0000000728000000, 0x0000000728400000|  0%| F|  |TAMS 0x0000000728000000, 0x0000000728000000| Untracked 
| 289|0x0000000728400000, 0x0000000728400000, 0x0000000728800000|  0%| F|  |TAMS 0x0000000728400000, 0x0000000728400000| Untracked 
| 290|0x0000000728800000, 0x0000000728800000, 0x0000000728c00000|  0%| F|  |TAMS 0x0000000728800000, 0x0000000728800000| Untracked 
| 291|0x0000000728c00000, 0x0000000728c00000, 0x0000000729000000|  0%| F|  |TAMS 0x0000000728c00000, 0x0000000728c00000| Untracked 
| 292|0x0000000729000000, 0x0000000729000000, 0x0000000729400000|  0%| F|  |TAMS 0x0000000729000000, 0x0000000729000000| Untracked 
| 293|0x0000000729400000, 0x0000000729400000, 0x0000000729800000|  0%| F|  |TAMS 0x0000000729400000, 0x0000000729400000| Untracked 
| 294|0x0000000729800000, 0x0000000729800000, 0x0000000729c00000|  0%| F|  |TAMS 0x0000000729800000, 0x0000000729800000| Untracked 
| 295|0x0000000729c00000, 0x0000000729c00000, 0x000000072a000000|  0%| F|  |TAMS 0x0000000729c00000, 0x0000000729c00000| Untracked 
| 296|0x000000072a000000, 0x000000072a000000, 0x000000072a400000|  0%| F|  |TAMS 0x000000072a000000, 0x000000072a000000| Untracked 
| 297|0x000000072a400000, 0x000000072a400000, 0x000000072a800000|  0%| F|  |TAMS 0x000000072a400000, 0x000000072a400000| Untracked 
| 298|0x000000072a800000, 0x000000072a800000, 0x000000072ac00000|  0%| F|  |TAMS 0x000000072a800000, 0x000000072a800000| Untracked 
| 299|0x000000072ac00000, 0x000000072ac00000, 0x000000072b000000|  0%| F|  |TAMS 0x000000072ac00000, 0x000000072ac00000| Untracked 
| 300|0x000000072b000000, 0x000000072b000000, 0x000000072b400000|  0%| F|  |TAMS 0x000000072b000000, 0x000000072b000000| Untracked 
| 301|0x000000072b400000, 0x000000072b400000, 0x000000072b800000|  0%| F|  |TAMS 0x000000072b400000, 0x000000072b400000| Untracked 
| 302|0x000000072b800000, 0x000000072b800000, 0x000000072bc00000|  0%| F|  |TAMS 0x000000072b800000, 0x000000072b800000| Untracked 
| 303|0x000000072bc00000, 0x000000072bc00000, 0x000000072c000000|  0%| F|  |TAMS 0x000000072bc00000, 0x000000072bc00000| Untracked 
| 304|0x000000072c000000, 0x000000072c000000, 0x000000072c400000|  0%| F|  |TAMS 0x000000072c000000, 0x000000072c000000| Untracked 
| 305|0x000000072c400000, 0x000000072c400000, 0x000000072c800000|  0%| F|  |TAMS 0x000000072c400000, 0x000000072c400000| Untracked 
| 306|0x000000072c800000, 0x000000072c800000, 0x000000072cc00000|  0%| F|  |TAMS 0x000000072c800000, 0x000000072c800000| Untracked 
| 307|0x000000072cc00000, 0x000000072cc00000, 0x000000072d000000|  0%| F|  |TAMS 0x000000072cc00000, 0x000000072cc00000| Untracked 
| 308|0x000000072d000000, 0x000000072d000000, 0x000000072d400000|  0%| F|  |TAMS 0x000000072d000000, 0x000000072d000000| Untracked 
| 309|0x000000072d400000, 0x000000072d400000, 0x000000072d800000|  0%| F|  |TAMS 0x000000072d400000, 0x000000072d400000| Untracked 
| 310|0x000000072d800000, 0x000000072d800000, 0x000000072dc00000|  0%| F|  |TAMS 0x000000072d800000, 0x000000072d800000| Untracked 
| 311|0x000000072dc00000, 0x000000072dc00000, 0x000000072e000000|  0%| F|  |TAMS 0x000000072dc00000, 0x000000072dc00000| Untracked 
| 312|0x000000072e000000, 0x000000072e000000, 0x000000072e400000|  0%| F|  |TAMS 0x000000072e000000, 0x000000072e000000| Untracked 
| 313|0x000000072e400000, 0x000000072e400000, 0x000000072e800000|  0%| F|  |TAMS 0x000000072e400000, 0x000000072e400000| Untracked 
| 314|0x000000072e800000, 0x000000072e800000, 0x000000072ec00000|  0%| F|  |TAMS 0x000000072e800000, 0x000000072e800000| Untracked 
| 315|0x000000072ec00000, 0x000000072ec00000, 0x000000072f000000|  0%| F|  |TAMS 0x000000072ec00000, 0x000000072ec00000| Untracked 
| 316|0x000000072f000000, 0x000000072f000000, 0x000000072f400000|  0%| F|  |TAMS 0x000000072f000000, 0x000000072f000000| Untracked 
| 317|0x000000072f400000, 0x000000072f400000, 0x000000072f800000|  0%| F|  |TAMS 0x000000072f400000, 0x000000072f400000| Untracked 
| 318|0x000000072f800000, 0x000000072f800000, 0x000000072fc00000|  0%| F|  |TAMS 0x000000072f800000, 0x000000072f800000| Untracked 
| 319|0x000000072fc00000, 0x0000000730000000, 0x0000000730000000|100%| S|CS|TAMS 0x000000072fc00000, 0x000000072fc00000| Complete 
| 320|0x0000000730000000, 0x0000000730400000, 0x0000000730400000|100%| S|CS|TAMS 0x0000000730000000, 0x0000000730000000| Complete 
| 321|0x0000000730400000, 0x0000000730800000, 0x0000000730800000|100%| S|CS|TAMS 0x0000000730400000, 0x0000000730400000| Complete 
| 322|0x0000000730800000, 0x0000000730800000, 0x0000000730c00000|  0%| F|  |TAMS 0x0000000730800000, 0x0000000730800000| Untracked 
| 323|0x0000000730c00000, 0x0000000730c00000, 0x0000000731000000|  0%| F|  |TAMS 0x0000000730c00000, 0x0000000730c00000| Untracked 
| 324|0x0000000731000000, 0x0000000731000000, 0x0000000731400000|  0%| F|  |TAMS 0x0000000731000000, 0x0000000731000000| Untracked 
| 325|0x0000000731400000, 0x0000000731400000, 0x0000000731800000|  0%| F|  |TAMS 0x0000000731400000, 0x0000000731400000| Untracked 
| 326|0x0000000731800000, 0x0000000731800000, 0x0000000731c00000|  0%| F|  |TAMS 0x0000000731800000, 0x0000000731800000| Untracked 
| 327|0x0000000731c00000, 0x0000000731c00000, 0x0000000732000000|  0%| F|  |TAMS 0x0000000731c00000, 0x0000000731c00000| Untracked 
| 328|0x0000000732000000, 0x0000000732000000, 0x0000000732400000|  0%| F|  |TAMS 0x0000000732000000, 0x0000000732000000| Untracked 
| 329|0x0000000732400000, 0x0000000732400000, 0x0000000732800000|  0%| F|  |TAMS 0x0000000732400000, 0x0000000732400000| Untracked 
| 330|0x0000000732800000, 0x0000000732800000, 0x0000000732c00000|  0%| F|  |TAMS 0x0000000732800000, 0x0000000732800000| Untracked 
| 331|0x0000000732c00000, 0x0000000732c00000, 0x0000000733000000|  0%| F|  |TAMS 0x0000000732c00000, 0x0000000732c00000| Untracked 
| 332|0x0000000733000000, 0x0000000733000000, 0x0000000733400000|  0%| F|  |TAMS 0x0000000733000000, 0x0000000733000000| Untracked 
| 333|0x0000000733400000, 0x0000000733400000, 0x0000000733800000|  0%| F|  |TAMS 0x0000000733400000, 0x0000000733400000| Untracked 
| 334|0x0000000733800000, 0x0000000733800000, 0x0000000733c00000|  0%| F|  |TAMS 0x0000000733800000, 0x0000000733800000| Untracked 
| 335|0x0000000733c00000, 0x0000000733c00000, 0x0000000734000000|  0%| F|  |TAMS 0x0000000733c00000, 0x0000000733c00000| Untracked 
| 336|0x0000000734000000, 0x0000000734000000, 0x0000000734400000|  0%| F|  |TAMS 0x0000000734000000, 0x0000000734000000| Untracked 
| 337|0x0000000734400000, 0x0000000734400000, 0x0000000734800000|  0%| F|  |TAMS 0x0000000734400000, 0x0000000734400000| Untracked 
| 338|0x0000000734800000, 0x0000000734800000, 0x0000000734c00000|  0%| F|  |TAMS 0x0000000734800000, 0x0000000734800000| Untracked 
| 339|0x0000000734c00000, 0x0000000734c00000, 0x0000000735000000|  0%| F|  |TAMS 0x0000000734c00000, 0x0000000734c00000| Untracked 
| 340|0x0000000735000000, 0x0000000735000000, 0x0000000735400000|  0%| F|  |TAMS 0x0000000735000000, 0x0000000735000000| Untracked 
| 341|0x0000000735400000, 0x0000000735400000, 0x0000000735800000|  0%| F|  |TAMS 0x0000000735400000, 0x0000000735400000| Untracked 
| 342|0x0000000735800000, 0x0000000735800000, 0x0000000735c00000|  0%| F|  |TAMS 0x0000000735800000, 0x0000000735800000| Untracked 
| 343|0x0000000735c00000, 0x0000000735c00000, 0x0000000736000000|  0%| F|  |TAMS 0x0000000735c00000, 0x0000000735c00000| Untracked 
| 344|0x0000000736000000, 0x0000000736000000, 0x0000000736400000|  0%| F|  |TAMS 0x0000000736000000, 0x0000000736000000| Untracked 
| 345|0x0000000736400000, 0x0000000736400000, 0x0000000736800000|  0%| F|  |TAMS 0x0000000736400000, 0x0000000736400000| Untracked 
| 346|0x0000000736800000, 0x0000000736800000, 0x0000000736c00000|  0%| F|  |TAMS 0x0000000736800000, 0x0000000736800000| Untracked 
| 347|0x0000000736c00000, 0x0000000736c00000, 0x0000000737000000|  0%| F|  |TAMS 0x0000000736c00000, 0x0000000736c00000| Untracked 
| 348|0x0000000737000000, 0x0000000737000000, 0x0000000737400000|  0%| F|  |TAMS 0x0000000737000000, 0x0000000737000000| Untracked 
| 349|0x0000000737400000, 0x0000000737400000, 0x0000000737800000|  0%| F|  |TAMS 0x0000000737400000, 0x0000000737400000| Untracked 
| 350|0x0000000737800000, 0x0000000737800000, 0x0000000737c00000|  0%| F|  |TAMS 0x0000000737800000, 0x0000000737800000| Untracked 
| 351|0x0000000737c00000, 0x0000000737c00000, 0x0000000738000000|  0%| F|  |TAMS 0x0000000737c00000, 0x0000000737c00000| Untracked 
| 352|0x0000000738000000, 0x0000000738000000, 0x0000000738400000|  0%| F|  |TAMS 0x0000000738000000, 0x0000000738000000| Untracked 
| 353|0x0000000738400000, 0x0000000738400000, 0x0000000738800000|  0%| F|  |TAMS 0x0000000738400000, 0x0000000738400000| Untracked 
| 354|0x0000000738800000, 0x0000000738800000, 0x0000000738c00000|  0%| F|  |TAMS 0x0000000738800000, 0x0000000738800000| Untracked 
| 355|0x0000000738c00000, 0x0000000738c00000, 0x0000000739000000|  0%| F|  |TAMS 0x0000000738c00000, 0x0000000738c00000| Untracked 
| 356|0x0000000739000000, 0x0000000739000000, 0x0000000739400000|  0%| F|  |TAMS 0x0000000739000000, 0x0000000739000000| Untracked 
| 357|0x0000000739400000, 0x0000000739400000, 0x0000000739800000|  0%| F|  |TAMS 0x0000000739400000, 0x0000000739400000| Untracked 
| 358|0x0000000739800000, 0x0000000739800000, 0x0000000739c00000|  0%| F|  |TAMS 0x0000000739800000, 0x0000000739800000| Untracked 
| 359|0x0000000739c00000, 0x0000000739c00000, 0x000000073a000000|  0%| F|  |TAMS 0x0000000739c00000, 0x0000000739c00000| Untracked 
| 360|0x000000073a000000, 0x000000073a000000, 0x000000073a400000|  0%| F|  |TAMS 0x000000073a000000, 0x000000073a000000| Untracked 
| 361|0x000000073a400000, 0x000000073a400000, 0x000000073a800000|  0%| F|  |TAMS 0x000000073a400000, 0x000000073a400000| Untracked 
| 362|0x000000073a800000, 0x000000073a800000, 0x000000073ac00000|  0%| F|  |TAMS 0x000000073a800000, 0x000000073a800000| Untracked 
| 363|0x000000073ac00000, 0x000000073ac00000, 0x000000073b000000|  0%| F|  |TAMS 0x000000073ac00000, 0x000000073ac00000| Untracked 
| 364|0x000000073b000000, 0x000000073b000000, 0x000000073b400000|  0%| F|  |TAMS 0x000000073b000000, 0x000000073b000000| Untracked 
| 365|0x000000073b400000, 0x000000073b400000, 0x000000073b800000|  0%| F|  |TAMS 0x000000073b400000, 0x000000073b400000| Untracked 
| 366|0x000000073b800000, 0x000000073b800000, 0x000000073bc00000|  0%| F|  |TAMS 0x000000073b800000, 0x000000073b800000| Untracked 
| 367|0x000000073bc00000, 0x000000073bc00000, 0x000000073c000000|  0%| F|  |TAMS 0x000000073bc00000, 0x000000073bc00000| Untracked 
| 368|0x000000073c000000, 0x000000073c000000, 0x000000073c400000|  0%| F|  |TAMS 0x000000073c000000, 0x000000073c000000| Untracked 
| 369|0x000000073c400000, 0x000000073c400000, 0x000000073c800000|  0%| F|  |TAMS 0x000000073c400000, 0x000000073c400000| Untracked 
| 370|0x000000073c800000, 0x000000073c800000, 0x000000073cc00000|  0%| F|  |TAMS 0x000000073c800000, 0x000000073c800000| Untracked 
| 371|0x000000073cc00000, 0x000000073cc00000, 0x000000073d000000|  0%| F|  |TAMS 0x000000073cc00000, 0x000000073cc00000| Untracked 
| 372|0x000000073d000000, 0x000000073d000000, 0x000000073d400000|  0%| F|  |TAMS 0x000000073d000000, 0x000000073d000000| Untracked 
| 373|0x000000073d400000, 0x000000073d400000, 0x000000073d800000|  0%| F|  |TAMS 0x000000073d400000, 0x000000073d400000| Untracked 
| 374|0x000000073d800000, 0x000000073d800000, 0x000000073dc00000|  0%| F|  |TAMS 0x000000073d800000, 0x000000073d800000| Untracked 
| 375|0x000000073dc00000, 0x000000073dc00000, 0x000000073e000000|  0%| F|  |TAMS 0x000000073dc00000, 0x000000073dc00000| Untracked 
| 376|0x000000073e000000, 0x000000073e000000, 0x000000073e400000|  0%| F|  |TAMS 0x000000073e000000, 0x000000073e000000| Untracked 
| 377|0x000000073e400000, 0x000000073e400000, 0x000000073e800000|  0%| F|  |TAMS 0x000000073e400000, 0x000000073e400000| Untracked 
| 378|0x000000073e800000, 0x000000073e800000, 0x000000073ec00000|  0%| F|  |TAMS 0x000000073e800000, 0x000000073e800000| Untracked 
| 379|0x000000073ec00000, 0x000000073ec00000, 0x000000073f000000|  0%| F|  |TAMS 0x000000073ec00000, 0x000000073ec00000| Untracked 
| 380|0x000000073f000000, 0x000000073f000000, 0x000000073f400000|  0%| F|  |TAMS 0x000000073f000000, 0x000000073f000000| Untracked 
| 381|0x000000073f400000, 0x000000073f400000, 0x000000073f800000|  0%| F|  |TAMS 0x000000073f400000, 0x000000073f400000| Untracked 
| 382|0x000000073f800000, 0x000000073f800000, 0x000000073fc00000|  0%| F|  |TAMS 0x000000073f800000, 0x000000073f800000| Untracked 
| 383|0x000000073fc00000, 0x000000073fc00000, 0x0000000740000000|  0%| F|  |TAMS 0x000000073fc00000, 0x000000073fc00000| Untracked 
| 384|0x0000000740000000, 0x0000000740000000, 0x0000000740400000|  0%| F|  |TAMS 0x0000000740000000, 0x0000000740000000| Untracked 
| 385|0x0000000740400000, 0x0000000740400000, 0x0000000740800000|  0%| F|  |TAMS 0x0000000740400000, 0x0000000740400000| Untracked 
| 386|0x0000000740800000, 0x0000000740800000, 0x0000000740c00000|  0%| F|  |TAMS 0x0000000740800000, 0x0000000740800000| Untracked 
| 387|0x0000000740c00000, 0x0000000740c00000, 0x0000000741000000|  0%| F|  |TAMS 0x0000000740c00000, 0x0000000740c00000| Untracked 
| 388|0x0000000741000000, 0x0000000741000000, 0x0000000741400000|  0%| F|  |TAMS 0x0000000741000000, 0x0000000741000000| Untracked 
| 389|0x0000000741400000, 0x0000000741400000, 0x0000000741800000|  0%| F|  |TAMS 0x0000000741400000, 0x0000000741400000| Untracked 
| 390|0x0000000741800000, 0x0000000741800000, 0x0000000741c00000|  0%| F|  |TAMS 0x0000000741800000, 0x0000000741800000| Untracked 
| 391|0x0000000741c00000, 0x0000000741c00000, 0x0000000742000000|  0%| F|  |TAMS 0x0000000741c00000, 0x0000000741c00000| Untracked 
| 392|0x0000000742000000, 0x0000000742000000, 0x0000000742400000|  0%| F|  |TAMS 0x0000000742000000, 0x0000000742000000| Untracked 
| 393|0x0000000742400000, 0x0000000742400000, 0x0000000742800000|  0%| F|  |TAMS 0x0000000742400000, 0x0000000742400000| Untracked 
| 394|0x0000000742800000, 0x0000000742800000, 0x0000000742c00000|  0%| F|  |TAMS 0x0000000742800000, 0x0000000742800000| Untracked 
| 395|0x0000000742c00000, 0x0000000742c00000, 0x0000000743000000|  0%| F|  |TAMS 0x0000000742c00000, 0x0000000742c00000| Untracked 
| 396|0x0000000743000000, 0x0000000743000000, 0x0000000743400000|  0%| F|  |TAMS 0x0000000743000000, 0x0000000743000000| Untracked 
| 397|0x0000000743400000, 0x0000000743400000, 0x0000000743800000|  0%| F|  |TAMS 0x0000000743400000, 0x0000000743400000| Untracked 
| 398|0x0000000743800000, 0x0000000743800000, 0x0000000743c00000|  0%| F|  |TAMS 0x0000000743800000, 0x0000000743800000| Untracked 
| 399|0x0000000743c00000, 0x0000000743c00000, 0x0000000744000000|  0%| F|  |TAMS 0x0000000743c00000, 0x0000000743c00000| Untracked 
| 400|0x0000000744000000, 0x0000000744000000, 0x0000000744400000|  0%| F|  |TAMS 0x0000000744000000, 0x0000000744000000| Untracked 
| 401|0x0000000744400000, 0x0000000744400000, 0x0000000744800000|  0%| F|  |TAMS 0x0000000744400000, 0x0000000744400000| Untracked 
| 402|0x0000000744800000, 0x0000000744800000, 0x0000000744c00000|  0%| F|  |TAMS 0x0000000744800000, 0x0000000744800000| Untracked 
| 403|0x0000000744c00000, 0x0000000744c00000, 0x0000000745000000|  0%| F|  |TAMS 0x0000000744c00000, 0x0000000744c00000| Untracked 
| 404|0x0000000745000000, 0x0000000745000000, 0x0000000745400000|  0%| F|  |TAMS 0x0000000745000000, 0x0000000745000000| Untracked 
| 405|0x0000000745400000, 0x0000000745400000, 0x0000000745800000|  0%| F|  |TAMS 0x0000000745400000, 0x0000000745400000| Untracked 
| 406|0x0000000745800000, 0x0000000745800000, 0x0000000745c00000|  0%| F|  |TAMS 0x0000000745800000, 0x0000000745800000| Untracked 
| 407|0x0000000745c00000, 0x0000000745c00000, 0x0000000746000000|  0%| F|  |TAMS 0x0000000745c00000, 0x0000000745c00000| Untracked 
| 408|0x0000000746000000, 0x0000000746000000, 0x0000000746400000|  0%| F|  |TAMS 0x0000000746000000, 0x0000000746000000| Untracked 
| 409|0x0000000746400000, 0x0000000746400000, 0x0000000746800000|  0%| F|  |TAMS 0x0000000746400000, 0x0000000746400000| Untracked 
| 410|0x0000000746800000, 0x0000000746800000, 0x0000000746c00000|  0%| F|  |TAMS 0x0000000746800000, 0x0000000746800000| Untracked 
| 411|0x0000000746c00000, 0x0000000746c00000, 0x0000000747000000|  0%| F|  |TAMS 0x0000000746c00000, 0x0000000746c00000| Untracked 
| 412|0x0000000747000000, 0x0000000747000000, 0x0000000747400000|  0%| F|  |TAMS 0x0000000747000000, 0x0000000747000000| Untracked 
| 413|0x0000000747400000, 0x0000000747400000, 0x0000000747800000|  0%| F|  |TAMS 0x0000000747400000, 0x0000000747400000| Untracked 
| 414|0x0000000747800000, 0x0000000747800000, 0x0000000747c00000|  0%| F|  |TAMS 0x0000000747800000, 0x0000000747800000| Untracked 
| 415|0x0000000747c00000, 0x0000000747c00000, 0x0000000748000000|  0%| F|  |TAMS 0x0000000747c00000, 0x0000000747c00000| Untracked 
| 416|0x0000000748000000, 0x0000000748000000, 0x0000000748400000|  0%| F|  |TAMS 0x0000000748000000, 0x0000000748000000| Untracked 
| 417|0x0000000748400000, 0x0000000748400000, 0x0000000748800000|  0%| F|  |TAMS 0x0000000748400000, 0x0000000748400000| Untracked 
| 418|0x0000000748800000, 0x0000000748800000, 0x0000000748c00000|  0%| F|  |TAMS 0x0000000748800000, 0x0000000748800000| Untracked 
| 419|0x0000000748c00000, 0x0000000748c00000, 0x0000000749000000|  0%| F|  |TAMS 0x0000000748c00000, 0x0000000748c00000| Untracked 
| 420|0x0000000749000000, 0x0000000749000000, 0x0000000749400000|  0%| F|  |TAMS 0x0000000749000000, 0x0000000749000000| Untracked 
| 421|0x0000000749400000, 0x0000000749400000, 0x0000000749800000|  0%| F|  |TAMS 0x0000000749400000, 0x0000000749400000| Untracked 
| 422|0x0000000749800000, 0x0000000749800000, 0x0000000749c00000|  0%| F|  |TAMS 0x0000000749800000, 0x0000000749800000| Untracked 
| 423|0x0000000749c00000, 0x0000000749c00000, 0x000000074a000000|  0%| F|  |TAMS 0x0000000749c00000, 0x0000000749c00000| Untracked 
| 424|0x000000074a000000, 0x000000074a000000, 0x000000074a400000|  0%| F|  |TAMS 0x000000074a000000, 0x000000074a000000| Untracked 
| 425|0x000000074a400000, 0x000000074a400000, 0x000000074a800000|  0%| F|  |TAMS 0x000000074a400000, 0x000000074a400000| Untracked 
| 426|0x000000074a800000, 0x000000074a800000, 0x000000074ac00000|  0%| F|  |TAMS 0x000000074a800000, 0x000000074a800000| Untracked 
| 427|0x000000074ac00000, 0x000000074ac00000, 0x000000074b000000|  0%| F|  |TAMS 0x000000074ac00000, 0x000000074ac00000| Untracked 
| 428|0x000000074b000000, 0x000000074b000000, 0x000000074b400000|  0%| F|  |TAMS 0x000000074b000000, 0x000000074b000000| Untracked 
| 429|0x000000074b400000, 0x000000074b400000, 0x000000074b800000|  0%| F|  |TAMS 0x000000074b400000, 0x000000074b400000| Untracked 
| 430|0x000000074b800000, 0x000000074b800000, 0x000000074bc00000|  0%| F|  |TAMS 0x000000074b800000, 0x000000074b800000| Untracked 
| 431|0x000000074bc00000, 0x000000074bc00000, 0x000000074c000000|  0%| F|  |TAMS 0x000000074bc00000, 0x000000074bc00000| Untracked 
| 432|0x000000074c000000, 0x000000074c000000, 0x000000074c400000|  0%| F|  |TAMS 0x000000074c000000, 0x000000074c000000| Untracked 
| 433|0x000000074c400000, 0x000000074c400000, 0x000000074c800000|  0%| F|  |TAMS 0x000000074c400000, 0x000000074c400000| Untracked 
| 434|0x000000074c800000, 0x000000074c800000, 0x000000074cc00000|  0%| F|  |TAMS 0x000000074c800000, 0x000000074c800000| Untracked 
| 435|0x000000074cc00000, 0x000000074cc00000, 0x000000074d000000|  0%| F|  |TAMS 0x000000074cc00000, 0x000000074cc00000| Untracked 
| 436|0x000000074d000000, 0x000000074d000000, 0x000000074d400000|  0%| F|  |TAMS 0x000000074d000000, 0x000000074d000000| Untracked 
| 437|0x000000074d400000, 0x000000074d400000, 0x000000074d800000|  0%| F|  |TAMS 0x000000074d400000, 0x000000074d400000| Untracked 
| 438|0x000000074d800000, 0x000000074d800000, 0x000000074dc00000|  0%| F|  |TAMS 0x000000074d800000, 0x000000074d800000| Untracked 
| 439|0x000000074dc00000, 0x000000074dc00000, 0x000000074e000000|  0%| F|  |TAMS 0x000000074dc00000, 0x000000074dc00000| Untracked 
| 440|0x000000074e000000, 0x000000074e000000, 0x000000074e400000|  0%| F|  |TAMS 0x000000074e000000, 0x000000074e000000| Untracked 
| 441|0x000000074e400000, 0x000000074e400000, 0x000000074e800000|  0%| F|  |TAMS 0x000000074e400000, 0x000000074e400000| Untracked 
| 442|0x000000074e800000, 0x000000074e800000, 0x000000074ec00000|  0%| F|  |TAMS 0x000000074e800000, 0x000000074e800000| Untracked 
| 529|0x0000000764400000, 0x0000000764400000, 0x0000000764800000|  0%| F|  |TAMS 0x0000000764400000, 0x0000000764400000| Untracked 
| 530|0x0000000764800000, 0x0000000764800000, 0x0000000764c00000|  0%| F|  |TAMS 0x0000000764800000, 0x0000000764800000| Untracked 

Card table byte_map: [0x0000025744ca0000,0x00000257455a0000] _byte_map_base: 0x00000257415a0000

Marking Bits (Prev, Next): (CMBitMap*) 0x000002572fae1780, (CMBitMap*) 0x000002572fae1740
 Prev Bits: [0x000002574a6a0000, 0x000002574eea0000)
 Next Bits: [0x0000025745ea0000, 0x000002574a6a0000)

Polling page: 0x000002572f830000

Metaspace:

Usage:
  Non-class:    186.23 MB used.
      Class:     28.25 MB used.
       Both:    214.48 MB used.

Virtual space:
  Non-class space:      192.00 MB reserved,     187.12 MB ( 97%) committed,  24 nodes.
      Class space:        1.00 GB reserved,      29.06 MB (  3%) committed,  1 nodes.
             Both:        1.19 GB reserved,     216.19 MB ( 18%) committed. 

Chunk freelists:
   Non-Class:  80.00 KB
       Class:  2.77 MB
        Both:  2.84 MB

MaxMetaspaceSize: unlimited
CompressedClassSpaceSize: 1.00 GB
Initial GC threshold: 21.00 MB
Current GC threshold: 352.75 MB
CDS: off
MetaspaceReclaimPolicy: balanced
 - commit_granule_bytes: 65536.
 - commit_granule_words: 8192.
 - virtual_space_node_default_size: 1048576.
 - enlarge_chunks_in_place: 1.
 - new_chunks_are_fully_committed: 0.
 - uncommit_free_chunks: 1.
 - use_allocation_guard: 0.
 - handle_deallocations: 1.


Internal statistics:

num_allocs_failed_limit: 9.
num_arena_births: 3324.
num_arena_deaths: 162.
num_vsnodes_births: 25.
num_vsnodes_deaths: 0.
num_space_committed: 3465.
num_space_uncommitted: 12.
num_chunks_returned_to_freelist: 303.
num_chunks_taken_from_freelist: 12304.
num_chunk_merges: 108.
num_chunk_splits: 8087.
num_chunks_enlarged: 5255.
num_purges: 10.
num_inconsistent_stats: 0.

CodeHeap 'non-profiled nmethods': size=120000Kb used=23575Kb max_used=23575Kb free=96424Kb
 bounds [0x000002573c1f0000, 0x000002573d900000, 0x0000025743720000]
CodeHeap 'profiled nmethods': size=120000Kb used=54330Kb max_used=54331Kb free=65669Kb
 bounds [0x0000025734720000, 0x0000025737c30000, 0x000002573bc50000]
CodeHeap 'non-nmethods': size=5760Kb used=2563Kb max_used=2642Kb free=3196Kb
 bounds [0x000002573bc50000, 0x000002573bef0000, 0x000002573c1f0000]
 total_blobs=30817 nmethods=29712 adapters=1014
 compilation: enabled
              stopped_count=0, restarted_count=0
 full_count=0

Compilation events (20 events):
Event: 1096.978 Thread 0x0000025762343b00 nmethod 37927 0x000002573d8f3690 code [0x000002573d8f3800, 0x000002573d8f38b8]
Event: 1096.978 Thread 0x0000025762343b00 37928       4       com.android.tools.r8.graph.j2$$Lambda$4887/0x0000000801cd90f8::apply (11 bytes)
Event: 1096.978 Thread 0x0000025762343b00 nmethod 37928 0x000002573d8f3990 code [0x000002573d8f3b00, 0x000002573d8f3bb8]
Event: 1096.978 Thread 0x0000025762343b00 37738       4       com.android.tools.r8.internal.dA::c (4 bytes)
Event: 1096.978 Thread 0x0000025762343b00 nmethod 37738 0x000002573d8f3c90 code [0x000002573d8f3e00, 0x000002573d8f3e58]
Event: 1096.978 Thread 0x0000025762343b00 37759       4       com.android.tools.r8.androidapi.h::w (4 bytes)
Event: 1096.978 Thread 0x0000025762343b00 nmethod 37759 0x000002573d8f3f90 code [0x000002573d8f4100, 0x000002573d8f4158]
Event: 1096.978 Thread 0x0000025762343b00 37781       4       com.android.tools.r8.graph.g5::t0 (4 bytes)
Event: 1096.978 Thread 0x0000025762343b00 nmethod 37781 0x000002573d8f4290 code [0x000002573d8f4400, 0x000002573d8f4458]
Event: 1096.978 Thread 0x0000025762343b00 37755       4       com.android.tools.r8.graph.g0::t0 (4 bytes)
Event: 1096.978 Thread 0x0000025762343b00 nmethod 37755 0x000002573d8f4590 code [0x000002573d8f4700, 0x000002573d8f4758]
Event: 1096.978 Thread 0x0000025762343b00 37792       4       com.android.tools.r8.graph.j2::U (2 bytes)
Event: 1096.979 Thread 0x0000025762343b00 nmethod 37792 0x000002573d8f4890 code [0x000002573d8f4a00, 0x000002573d8f4a78]
Event: 1096.979 Thread 0x0000025762343b00 38066       4       com.android.tools.r8.utils.structural.f::a (46 bytes)
Event: 1096.979 Thread 0x0000025751b7edf0 38337       2       com.android.tools.r8.utils.A2$$Lambda$4949/0x0000000801d3a2c8::<init> (10 bytes)
Event: 1096.980 Thread 0x0000025751b7edf0 nmethod 38337 0x0000025737c2eb90 code [0x0000025737c2ed20, 0x0000025737c2ee78]
Event: 1096.983 Thread 0x0000025762343b00 nmethod 38066 0x000002573d8f4b90 code [0x000002573d8f4d20, 0x000002573d8f5118]
Event: 1096.983 Thread 0x0000025762343b00 38067       4       com.android.tools.r8.graph.v2::a (10 bytes)
Event: 1096.989 Thread 0x0000025762343b00 nmethod 38067 0x000002573d8f5490 code [0x000002573d8f5640, 0x000002573d8f5a78]
Event: 1096.989 Thread 0x0000025762343b00 37932       4       com.android.tools.r8.dex.code.P0::hashCode (31 bytes)

GC Heap History (20 events):
Event: 1087.672 GC heap after
{Heap after GC invocations=74 (full 0):
 garbage-first heap   total 876544K, used 287237K [0x00000006e0000000, 0x0000000800000000)
  region size 4096K, 6 young (24576K), 6 survivors (24576K)
 Metaspace       used 197343K, committed 199040K, reserved 1228800K
  class space    used 26201K, committed 27008K, reserved 1048576K
}
Event: 1089.533 GC heap before
{Heap before GC invocations=75 (full 0):
 garbage-first heap   total 876544K, used 369157K [0x00000006e0000000, 0x0000000800000000)
  region size 4096K, 26 young (106496K), 6 survivors (24576K)
 Metaspace       used 198774K, committed 200512K, reserved 1228800K
  class space    used 26387K, committed 27200K, reserved 1048576K
}
Event: 1089.597 GC heap after
{Heap after GC invocations=76 (full 0):
 garbage-first heap   total 876544K, used 298623K [0x00000006e0000000, 0x0000000800000000)
  region size 4096K, 3 young (12288K), 3 survivors (12288K)
 Metaspace       used 198774K, committed 200512K, reserved 1228800K
  class space    used 26387K, committed 27200K, reserved 1048576K
}
Event: 1089.938 GC heap before
{Heap before GC invocations=76 (full 0):
 garbage-first heap   total 876544K, used 327295K [0x00000006e0000000, 0x0000000800000000)
  region size 4096K, 10 young (40960K), 3 survivors (12288K)
 Metaspace       used 199107K, committed 200832K, reserved 1228800K
  class space    used 26422K, committed 27264K, reserved 1048576K
}
Event: 1089.979 GC heap after
{Heap after GC invocations=77 (full 0):
 garbage-first heap   total 1822720K, used 298051K [0x00000006e0000000, 0x0000000800000000)
  region size 4096K, 2 young (8192K), 2 survivors (8192K)
 Metaspace       used 199107K, committed 200832K, reserved 1228800K
  class space    used 26422K, committed 27264K, reserved 1048576K
}
Event: 1092.072 GC heap before
{Heap before GC invocations=77 (full 0):
 garbage-first heap   total 1822720K, used 498755K [0x00000006e0000000, 0x0000000800000000)
  region size 4096K, 53 young (217088K), 2 survivors (8192K)
 Metaspace       used 204389K, committed 206144K, reserved 1228800K
  class space    used 26972K, committed 27776K, reserved 1048576K
}
Event: 1092.128 GC heap after
{Heap after GC invocations=78 (full 0):
 garbage-first heap   total 1822720K, used 342355K [0x00000006e0000000, 0x0000000800000000)
  region size 4096K, 9 young (36864K), 9 survivors (36864K)
 Metaspace       used 204389K, committed 206144K, reserved 1228800K
  class space    used 26972K, committed 27776K, reserved 1048576K
}
Event: 1092.722 GC heap before
{Heap before GC invocations=78 (full 0):
 garbage-first heap   total 1409024K, used 432467K [0x00000006e0000000, 0x0000000800000000)
  region size 4096K, 23 young (94208K), 9 survivors (36864K)
 Metaspace       used 207013K, committed 208768K, reserved 1236992K
  class space    used 27205K, committed 28032K, reserved 1048576K
}
Event: 1092.806 GC heap after
{Heap after GC invocations=79 (full 0):
 garbage-first heap   total 1409024K, used 352986K [0x00000006e0000000, 0x0000000800000000)
  region size 4096K, 3 young (12288K), 3 survivors (12288K)
 Metaspace       used 207013K, committed 208768K, reserved 1236992K
  class space    used 27205K, committed 28032K, reserved 1048576K
}
Event: 1093.435 GC heap before
{Heap before GC invocations=80 (full 0):
 garbage-first heap   total 1409024K, used 545498K [0x00000006e0000000, 0x0000000800000000)
  region size 4096K, 51 young (208896K), 3 survivors (12288K)
 Metaspace       used 209903K, committed 211648K, reserved 1236992K
  class space    used 27464K, committed 28288K, reserved 1048576K
}
Event: 1093.444 GC heap after
{Heap after GC invocations=81 (full 0):
 garbage-first heap   total 1409024K, used 347622K [0x00000006e0000000, 0x0000000800000000)
  region size 4096K, 2 young (8192K), 2 survivors (8192K)
 Metaspace       used 209903K, committed 211648K, reserved 1236992K
  class space    used 27464K, committed 28288K, reserved 1048576K
}
Event: 1093.873 GC heap before
{Heap before GC invocations=81 (full 0):
 garbage-first heap   total 1409024K, used 404966K [0x00000006e0000000, 0x0000000800000000)
  region size 4096K, 17 young (69632K), 2 survivors (8192K)
 Metaspace       used 210970K, committed 212736K, reserved 1236992K
  class space    used 27593K, committed 28416K, reserved 1048576K
}
Event: 1093.887 GC heap after
{Heap after GC invocations=82 (full 0):
 garbage-first heap   total 1409024K, used 342778K [0x00000006e0000000, 0x0000000800000000)
  region size 4096K, 3 young (12288K), 3 survivors (12288K)
 Metaspace       used 210970K, committed 212736K, reserved 1236992K
  class space    used 27593K, committed 28416K, reserved 1048576K
}
Event: 1094.598 GC heap before
{Heap before GC invocations=82 (full 0):
 garbage-first heap   total 1409024K, used 580346K [0x00000006e0000000, 0x0000000800000000)
  region size 4096K, 63 young (258048K), 3 survivors (12288K)
 Metaspace       used 213057K, committed 214848K, reserved 1236992K
  class space    used 27840K, committed 28672K, reserved 1048576K
}
Event: 1094.627 GC heap after
{Heap after GC invocations=83 (full 0):
 garbage-first heap   total 1409024K, used 366609K [0x00000006e0000000, 0x0000000800000000)
  region size 4096K, 9 young (36864K), 9 survivors (36864K)
 Metaspace       used 213057K, committed 214848K, reserved 1236992K
  class space    used 27840K, committed 28672K, reserved 1048576K
}
Event: 1095.983 GC heap before
{Heap before GC invocations=84 (full 0):
 garbage-first heap   total 1392640K, used 768017K [0x00000006e0000000, 0x0000000800000000)
  region size 4096K, 102 young (417792K), 9 survivors (36864K)
 Metaspace       used 219551K, committed 221312K, reserved 1245184K
  class space    used 28919K, committed 29760K, reserved 1048576K
}
Event: 1096.594 GC heap after
{Heap after GC invocations=85 (full 0):
 garbage-first heap   total 1392640K, used 538379K [0x00000006e0000000, 0x0000000800000000)
  region size 4096K, 13 young (53248K), 13 survivors (53248K)
 Metaspace       used 219551K, committed 221312K, reserved 1245184K
  class space    used 28919K, committed 29760K, reserved 1048576K
}
Event: 1096.683 GC heap before
{Heap before GC invocations=85 (full 0):
 garbage-first heap   total 1392640K, used 554763K [0x00000006e0000000, 0x0000000800000000)
  region size 4096K, 17 young (69632K), 13 survivors (53248K)
 Metaspace       used 219586K, committed 221376K, reserved 1245184K
  class space    used 28920K, committed 29760K, reserved 1048576K
}
Event: 1096.860 GC heap after
{Heap after GC invocations=86 (full 0):
 garbage-first heap   total 1392640K, used 543279K [0x00000006e0000000, 0x0000000800000000)
  region size 4096K, 3 young (12288K), 3 survivors (12288K)
 Metaspace       used 219586K, committed 221376K, reserved 1245184K
  class space    used 28920K, committed 29760K, reserved 1048576K
}
Event: 1096.989 GC heap before
{Heap before GC invocations=86 (full 0):
 garbage-first heap   total 1392640K, used 600623K [0x00000006e0000000, 0x0000000800000000)
  region size 4096K, 18 young (73728K), 3 survivors (12288K)
 Metaspace       used 219626K, committed 221376K, reserved 1245184K
  class space    used 28924K, committed 29760K, reserved 1048576K
}

Dll operation events (2 events):
Event: 0.013 Loaded shared library C:\Program Files\Android\Android Studio\jbr\bin\java.dll
Event: 0.325 Loaded shared library C:\Program Files\Android\Android Studio\jbr\bin\verify.dll

Deoptimization events (20 events):
Event: 1096.885 Thread 0x000002575d3ecab0 DEOPT PACKING pc=0x0000025737af641a sp=0x000000fbfd9fef40
Event: 1096.885 Thread 0x000002575d3ecab0 DEOPT UNPACKING pc=0x000002573bca7143 sp=0x000000fbfd9fe458 mode 0
Event: 1096.933 Thread 0x0000025755b7e4f0 Uncommon trap: trap_request=0xffffffbe fr.pc=0x000002573d8ed470 relative=0x00000000000005b0
Event: 1096.933 Thread 0x0000025755b7e4f0 Uncommon trap: reason=profile_predicate action=maybe_recompile pc=0x000002573d8ed470 method=com.android.tools.r8.utils.u0.B(Ljava/lang/String;)Z @ 73 c2
Event: 1096.933 Thread 0x0000025755b7e4f0 DEOPT PACKING pc=0x000002573d8ed470 sp=0x000000fbfd7fe9e0
Event: 1096.933 Thread 0x0000025755b7e4f0 DEOPT UNPACKING pc=0x000002573bca69a3 sp=0x000000fbfd7fe970 mode 2
Event: 1096.933 Thread 0x0000025755b7e4f0 Uncommon trap: trap_request=0xffffffbe fr.pc=0x000002573d8ed470 relative=0x00000000000005b0
Event: 1096.933 Thread 0x0000025755b7e4f0 Uncommon trap: reason=profile_predicate action=maybe_recompile pc=0x000002573d8ed470 method=com.android.tools.r8.utils.u0.B(Ljava/lang/String;)Z @ 73 c2
Event: 1096.933 Thread 0x0000025755b7e4f0 DEOPT PACKING pc=0x000002573d8ed470 sp=0x000000fbfd7fe9e0
Event: 1096.933 Thread 0x0000025755b7e4f0 DEOPT UNPACKING pc=0x000002573bca69a3 sp=0x000000fbfd7fe970 mode 2
Event: 1096.933 Thread 0x0000025755b7e4f0 Uncommon trap: trap_request=0xffffffbe fr.pc=0x000002573d8ed470 relative=0x00000000000005b0
Event: 1096.933 Thread 0x0000025755b7e4f0 Uncommon trap: reason=profile_predicate action=maybe_recompile pc=0x000002573d8ed470 method=com.android.tools.r8.utils.u0.B(Ljava/lang/String;)Z @ 73 c2
Event: 1096.933 Thread 0x0000025755b7e4f0 DEOPT PACKING pc=0x000002573d8ed470 sp=0x000000fbfd7fe9e0
Event: 1096.933 Thread 0x0000025755b7e4f0 DEOPT UNPACKING pc=0x000002573bca69a3 sp=0x000000fbfd7fe970 mode 2
Event: 1096.933 Thread 0x0000025755b7e4f0 Uncommon trap: trap_request=0xffffffbe fr.pc=0x000002573d8ed470 relative=0x00000000000005b0
Event: 1096.933 Thread 0x0000025755b7e4f0 Uncommon trap: reason=profile_predicate action=maybe_recompile pc=0x000002573d8ed470 method=com.android.tools.r8.utils.u0.B(Ljava/lang/String;)Z @ 73 c2
Event: 1096.933 Thread 0x0000025755b7e4f0 DEOPT PACKING pc=0x000002573d8ed470 sp=0x000000fbfd7fe9e0
Event: 1096.933 Thread 0x0000025755b7e4f0 DEOPT UNPACKING pc=0x000002573bca69a3 sp=0x000000fbfd7fe970 mode 2
Event: 1096.939 Thread 0x0000025755b7e4f0 DEOPT PACKING pc=0x0000025737af641a sp=0x000000fbfd7fed20
Event: 1096.939 Thread 0x0000025755b7e4f0 DEOPT UNPACKING pc=0x000002573bca7143 sp=0x000000fbfd7fe238 mode 0

Classes unloaded (20 events):
Event: 754.445 Thread 0x0000025751b22c00 Unloading class 0x00000008011bdd20 'com/bumptech/glide/annotation/compiler/RequestBuilderGenerator'
Event: 754.445 Thread 0x0000025751b22c00 Unloading class 0x00000008011bdaf0 'com/bumptech/glide/annotation/compiler/GlideGenerator'
Event: 754.445 Thread 0x0000025751b22c00 Unloading class 0x00000008011bd8c0 'com/bumptech/glide/annotation/compiler/RequestManagerFactoryGenerator'
Event: 754.445 Thread 0x0000025751b22c00 Unloading class 0x00000008011bd690 'com/bumptech/glide/annotation/compiler/RequestManagerGenerator'
Event: 754.445 Thread 0x0000025751b22c00 Unloading class 0x00000008011bd460 'com/bumptech/glide/annotation/compiler/RequestOptionsOverrideGenerator'
Event: 754.445 Thread 0x0000025751b22c00 Unloading class 0x00000008011bd230 'com/bumptech/glide/annotation/compiler/RequestOptionsGenerator'
Event: 754.445 Thread 0x0000025751b22c00 Unloading class 0x00000008011bd000 'com/bumptech/glide/annotation/compiler/AppModuleGenerator'
Event: 754.445 Thread 0x0000025751b22c00 Unloading class 0x00000008012e9dc0 'com/bumptech/glide/annotation/compiler/AppModuleProcessor'
Event: 754.445 Thread 0x0000025751b22c00 Unloading class 0x00000008012e9b90 'com/bumptech/glide/annotation/compiler/LibraryModuleProcessor'
Event: 754.445 Thread 0x0000025751b22c00 Unloading class 0x00000008012e9960 'com/bumptech/glide/annotation/compiler/IndexerGenerator'
Event: 754.445 Thread 0x0000025751b22c00 Unloading class 0x00000008012e9738 'com/bumptech/glide/repackaged/com/squareup/javapoet/Util'
Event: 754.445 Thread 0x0000025751b22c00 Unloading class 0x00000008012e94d0 'com/bumptech/glide/repackaged/com/squareup/javapoet/TypeVariableName'
Event: 754.445 Thread 0x0000025751b22c00 Unloading class 0x00000008012e9268 'com/bumptech/glide/repackaged/com/squareup/javapoet/ParameterizedTypeName'
Event: 754.445 Thread 0x0000025751b22c00 Unloading class 0x00000008012e9000 'com/bumptech/glide/repackaged/com/squareup/javapoet/ArrayTypeName'
Event: 754.445 Thread 0x0000025751b22c00 Unloading class 0x00000008012b04a0 'com/bumptech/glide/repackaged/com/google/common/base/Function'
Event: 754.445 Thread 0x0000025751b22c00 Unloading class 0x00000008012b0280 'com/bumptech/glide/repackaged/com/google/common/base/Predicate'
Event: 754.445 Thread 0x0000025751b22c00 Unloading class 0x00000008012b0000 'com/bumptech/glide/repackaged/com/squareup/javapoet/ClassName'
Event: 754.445 Thread 0x0000025751b22c00 Unloading class 0x00000008012ea4d8 'com/bumptech/glide/repackaged/com/squareup/javapoet/TypeName'
Event: 754.446 Thread 0x0000025751b22c00 Unloading class 0x00000008012ea2a8 'com/bumptech/glide/annotation/compiler/ProcessorUtil'
Event: 754.446 Thread 0x0000025751b22c00 Unloading class 0x00000008012ea000 'com/bumptech/glide/annotation/compiler/GlideAnnotationProcessor'

Classes redefined (0 events):
No events

Internal exceptions (20 events):
Event: 1094.682 Thread 0x0000025755b7db50 Exception <a 'sun/nio/fs/WindowsException'{0x000000074de20bb8}> (0x000000074de20bb8) 
thrown [s\src\hotspot\share\prims\jni.cpp, line 517]
Event: 1094.682 Thread 0x0000025755b7db50 Exception <a 'sun/nio/fs/WindowsException'{0x000000074de20de0}> (0x000000074de20de0) 
thrown [s\src\hotspot\share\prims\jni.cpp, line 517]
Event: 1094.682 Thread 0x0000025755b7db50 Exception <a 'sun/nio/fs/WindowsException'{0x000000074de22be8}> (0x000000074de22be8) 
thrown [s\src\hotspot\share\prims\jni.cpp, line 517]
Event: 1094.682 Thread 0x0000025755b7db50 Exception <a 'sun/nio/fs/WindowsException'{0x000000074de23a98}> (0x000000074de23a98) 
thrown [s\src\hotspot\share\prims\jni.cpp, line 517]
Event: 1094.682 Thread 0x0000025755b7db50 Exception <a 'sun/nio/fs/WindowsException'{0x000000074de23b08}> (0x000000074de23b08) 
thrown [s\src\hotspot\share\prims\jni.cpp, line 517]
Event: 1094.682 Thread 0x0000025755b7db50 Exception <a 'sun/nio/fs/WindowsException'{0x000000074de23d50}> (0x000000074de23d50) 
thrown [s\src\hotspot\share\prims\jni.cpp, line 517]
Event: 1094.682 Thread 0x0000025755b7db50 Exception <a 'sun/nio/fs/WindowsException'{0x000000074de25af8}> (0x000000074de25af8) 
thrown [s\src\hotspot\share\prims\jni.cpp, line 517]
Event: 1094.682 Thread 0x0000025755b7db50 Exception <a 'sun/nio/fs/WindowsException'{0x000000074de26978}> (0x000000074de26978) 
thrown [s\src\hotspot\share\prims\jni.cpp, line 517]
Event: 1094.683 Thread 0x0000025755b7db50 Exception <a 'sun/nio/fs/WindowsException'{0x000000074de269e8}> (0x000000074de269e8) 
thrown [s\src\hotspot\share\prims\jni.cpp, line 517]
Event: 1094.683 Thread 0x0000025755b7db50 Exception <a 'sun/nio/fs/WindowsException'{0x000000074de26be8}> (0x000000074de26be8) 
thrown [s\src\hotspot\share\prims\jni.cpp, line 517]
Event: 1094.683 Thread 0x0000025755b7db50 Exception <a 'sun/nio/fs/WindowsException'{0x000000074de289c8}> (0x000000074de289c8) 
thrown [s\src\hotspot\share\prims\jni.cpp, line 517]
Event: 1094.691 Thread 0x0000025755b7db50 Exception <a 'java/lang/NoSuchMethodError'{0x000000074d8ee148}: static Lcom/android/builder/internal/aapt/AaptOptions;.<clinit>()V> (0x000000074d8ee148) 
thrown [s\src\hotspot\share\prims\jni.cpp, line 1108]
Event: 1094.692 Thread 0x0000025755b7db50 Exception <a 'java/lang/NoSuchMethodError'{0x000000074d901248}: static Ljava/lang/Object;.<clinit>()V> (0x000000074d901248) 
thrown [s\src\hotspot\share\prims\jni.cpp, line 1108]
Event: 1094.693 Thread 0x0000025755b7db50 Exception <a 'java/lang/NoSuchMethodError'{0x000000074d9256c8}: static Lcom/android/build/api/variant/impl/SerializableApplicationMultiOutputHandler;.<clinit>()V> (0x000000074d9256c8) 
thrown [s\src\hotspot\share\prims\jni.cpp, line 1108]
Event: 1094.694 Thread 0x0000025755b7db50 Exception <a 'java/lang/NoSuchMethodError'{0x000000074d93af80}: static Lcom/android/build/api/variant/impl/VariantOutputImpl$SerializedForm;.<clinit>()V> (0x000000074d93af80) 
thrown [s\src\hotspot\share\prims\jni.cpp, line 1108]
Event: 1094.694 Thread 0x0000025755b7db50 Exception <a 'java/lang/NoSuchMethodError'{0x000000074d94ec10}: static Lcom/android/build/api/variant/impl/VariantOutputConfigurationImpl;.<clinit>()V> (0x000000074d94ec10) 
thrown [s\src\hotspot\share\prims\jni.cpp, line 1108]
Event: 1094.723 Thread 0x000002576166c2a0 Exception <a 'sun/nio/fs/WindowsException'{0x000000074d6564d0}> (0x000000074d6564d0) 
thrown [s\src\hotspot\share\prims\jni.cpp, line 517]
Event: 1095.396 Thread 0x00000257553b6400 Exception <a 'java/lang/IncompatibleClassChangeError'{0x00000007292950b8}: Found class java.lang.Object, but interface was expected> (0x00000007292950b8) 
thrown [s\src\hotspot\share\interpreter\linkResolver.cpp, line 838]
Event: 1095.410 Thread 0x0000025758b40a20 Exception <a 'java/lang/IncompatibleClassChangeError'{0x0000000728d05c70}: Found class java.lang.Object, but interface was expected> (0x0000000728d05c70) 
thrown [s\src\hotspot\share\interpreter\linkResolver.cpp, line 838]
Event: 1095.411 Thread 0x0000025758b40a20 Exception <a 'java/lang/IncompatibleClassChangeError'{0x0000000728d0c5a0}: Found class java.lang.Object, but interface was expected> (0x0000000728d0c5a0) 
thrown [s\src\hotspot\share\interpreter\linkResolver.cpp, line 838]

VM Operations (20 events):
Event: 1094.324 Executing VM operation: ICBufferFull done
Event: 1094.324 Executing VM operation: ICBufferFull
Event: 1094.324 Executing VM operation: ICBufferFull done
Event: 1094.386 Executing VM operation: HandshakeAllThreads
Event: 1094.386 Executing VM operation: HandshakeAllThreads done
Event: 1094.598 Executing VM operation: G1TryInitiateConcMark
Event: 1094.627 Executing VM operation: G1TryInitiateConcMark done
Event: 1094.816 Executing VM operation: G1Concurrent
Event: 1094.828 Executing VM operation: G1Concurrent done
Event: 1094.875 Executing VM operation: G1Concurrent
Event: 1094.876 Executing VM operation: G1Concurrent done
Event: 1095.503 Executing VM operation: HandshakeAllThreads
Event: 1095.504 Executing VM operation: HandshakeAllThreads done
Event: 1095.982 Executing VM operation: G1CollectForAllocation
Event: 1096.597 Executing VM operation: G1CollectForAllocation done
Event: 1096.630 Executing VM operation: HandshakeAllThreads
Event: 1096.669 Executing VM operation: HandshakeAllThreads done
Event: 1096.682 Executing VM operation: G1CollectForAllocation
Event: 1096.860 Executing VM operation: G1CollectForAllocation done
Event: 1096.989 Executing VM operation: G1CollectForAllocation

Events (20 events):
Event: 1094.754 Thread 0x0000025755b62eb0 Thread added: 0x0000025755b62eb0
Event: 1095.392 loading class java/util/concurrent/ForkJoinPool$DefaultForkJoinWorkerThreadFactory$1
Event: 1095.393 loading class java/util/concurrent/ForkJoinPool$DefaultForkJoinWorkerThreadFactory$1 done
Event: 1095.394 Thread 0x0000025758b119a0 Thread added: 0x0000025758b119a0
Event: 1095.394 Thread 0x00000257553b6400 Thread added: 0x00000257553b6400
Event: 1095.395 Thread 0x0000025755b767d0 Thread added: 0x0000025755b767d0
Event: 1095.395 Thread 0x000002576166b900 Thread added: 0x000002576166b900
Event: 1095.395 Thread 0x00000257559b7ee0 Thread added: 0x00000257559b7ee0
Event: 1095.396 Thread 0x000002575d3ec5e0 Thread added: 0x000002575d3ec5e0
Event: 1095.396 Thread 0x0000025755b7e4f0 Thread added: 0x0000025755b7e4f0
Event: 1095.397 Thread 0x0000025758b40a20 Thread added: 0x0000025758b40a20
Event: 1095.397 Thread 0x000002575d3ecab0 Thread added: 0x000002575d3ecab0
Event: 1095.397 Thread 0x0000025755b806a0 Thread added: 0x0000025755b806a0
Event: 1095.397 Thread 0x000002576166bdd0 Thread added: 0x000002576166bdd0
Event: 1095.397 Thread 0x0000025755b7e9c0 Thread added: 0x0000025755b7e9c0
Event: 1096.659 Thread 0x00000257553b3d80 Thread exited: 0x00000257553b3d80
Event: 1096.660 Thread 0x000002575e20c230 Thread exited: 0x000002575e20c230
Event: 1096.861 Thread 0x000002575e20ed80 Thread exited: 0x000002575e20ed80
Event: 1096.968 Thread 0x00000257525357f0 flushing nmethod 0x000002573474fc10
Event: 1096.985 Thread 0x00000257525357f0 flushing nmethod 0x0000025734a88990


Dynamic libraries:
0x00007ff60e050000 - 0x00007ff60e05a000 	C:\Program Files\Android\Android Studio\jbr\bin\java.exe
0x00007ff846810000 - 0x00007ff846a08000 	C:\WINDOWS\SYSTEM32\ntdll.dll
0x00007ff8457b0000 - 0x00007ff84586d000 	C:\WINDOWS\System32\KERNEL32.DLL
0x00007ff844260000 - 0x00007ff844556000 	C:\WINDOWS\System32\KERNELBASE.dll
0x00007ff843f10000 - 0x00007ff844010000 	C:\WINDOWS\System32\ucrtbase.dll
0x00007ff825110000 - 0x00007ff82512b000 	C:\Program Files\Android\Android Studio\jbr\bin\VCRUNTIME140.dll
0x00007ff842280000 - 0x00007ff842297000 	C:\Program Files\Android\Android Studio\jbr\bin\jli.dll
0x00007ff8459e0000 - 0x00007ff845b7e000 	C:\WINDOWS\System32\USER32.dll
0x00007ff843250000 - 0x00007ff8434ea000 	C:\WINDOWS\WinSxS\amd64_microsoft.windows.common-controls_6595b64144ccf1df_6.0.19041.3636_none_60b6a03d71f818d5\COMCTL32.dll
0x00007ff8441c0000 - 0x00007ff8441e2000 	C:\WINDOWS\System32\win32u.dll
0x00007ff845230000 - 0x00007ff8452ce000 	C:\WINDOWS\System32\msvcrt.dll
0x00007ff845300000 - 0x00007ff84532c000 	C:\WINDOWS\System32\GDI32.dll
0x00007ff844010000 - 0x00007ff84412a000 	C:\WINDOWS\System32\gdi32full.dll
0x00007ff844610000 - 0x00007ff8446ad000 	C:\WINDOWS\System32\msvcp_win.dll
0x00007ff8452d0000 - 0x00007ff845300000 	C:\WINDOWS\System32\IMM32.DLL
0x00007ff835790000 - 0x00007ff83579c000 	C:\Program Files\Android\Android Studio\jbr\bin\vcruntime140_1.dll
0x00007ff816370000 - 0x00007ff8163fd000 	C:\Program Files\Android\Android Studio\jbr\bin\msvcp140.dll
0x00007fffefd50000 - 0x00007ffff09be000 	C:\Program Files\Android\Android Studio\jbr\bin\server\jvm.dll
0x00007ff8449c0000 - 0x00007ff844a73000 	C:\WINDOWS\System32\ADVAPI32.dll
0x00007ff844cd0000 - 0x00007ff844d6f000 	C:\WINDOWS\System32\sechost.dll
0x00007ff8466a0000 - 0x00007ff8467c6000 	C:\WINDOWS\System32\RPCRT4.dll
0x00007ff843ee0000 - 0x00007ff843f07000 	C:\WINDOWS\System32\bcrypt.dll
0x00007ff8392e0000 - 0x00007ff839307000 	C:\WINDOWS\SYSTEM32\WINMM.dll
0x00007ff841920000 - 0x00007ff84192a000 	C:\WINDOWS\SYSTEM32\VERSION.dll
0x00007ff8420e0000 - 0x00007ff8420e9000 	C:\WINDOWS\SYSTEM32\WSOCK32.dll
0x00007ff844a90000 - 0x00007ff844afb000 	C:\WINDOWS\System32\ws2_32.DLL
0x00007ff840f70000 - 0x00007ff840f82000 	C:\WINDOWS\SYSTEM32\kernel.appcore.dll
0x00007ff8423c0000 - 0x00007ff8423ca000 	C:\Program Files\Android\Android Studio\jbr\bin\jimage.dll
0x00007ff8437f0000 - 0x00007ff8439d4000 	C:\WINDOWS\SYSTEM32\DBGHELP.DLL
0x00007ff8437b0000 - 0x00007ff8437e4000 	C:\WINDOWS\SYSTEM32\dbgcore.DLL
0x00007ff844130000 - 0x00007ff8441b2000 	C:\WINDOWS\System32\bcryptPrimitives.dll
0x00007ff842250000 - 0x00007ff842275000 	C:\Program Files\Android\Android Studio\jbr\bin\java.dll
0x00007ff842220000 - 0x00007ff842238000 	C:\Program Files\Android\Android Studio\jbr\bin\zip.dll
0x00007ff845b80000 - 0x00007ff8462c5000 	C:\WINDOWS\System32\SHELL32.dll
0x00007ff841170000 - 0x00007ff84190b000 	C:\WINDOWS\SYSTEM32\windows.storage.dll
0x00007ff8462d0000 - 0x00007ff846624000 	C:\WINDOWS\System32\combase.dll
0x00007ff8431b0000 - 0x00007ff8431dd000 	C:\WINDOWS\SYSTEM32\Wldp.dll
0x00007ff845050000 - 0x00007ff8450fd000 	C:\WINDOWS\System32\SHCORE.dll
0x00007ff8451d0000 - 0x00007ff845225000 	C:\WINDOWS\System32\shlwapi.dll
0x00007ff843e10000 - 0x00007ff843e35000 	C:\WINDOWS\SYSTEM32\profapi.dll
0x00007ff8421c0000 - 0x00007ff8421d9000 	C:\Program Files\Android\Android Studio\jbr\bin\net.dll
0x00007ff836f70000 - 0x00007ff83707a000 	C:\WINDOWS\SYSTEM32\WINHTTP.dll
0x00007ff843080000 - 0x00007ff8430ea000 	C:\WINDOWS\system32\mswsock.dll
0x00007ff8421a0000 - 0x00007ff8421b6000 	C:\Program Files\Android\Android Studio\jbr\bin\nio.dll
0x00007ff842110000 - 0x00007ff842120000 	C:\Program Files\Android\Android Studio\jbr\bin\verify.dll
0x00007ff83b5c0000 - 0x00007ff83b5e7000 	C:\Users\grigo\.gradle\native\68d5fa5c4cc2d200863cafc0d521ce42e7d3e7ee720ec0a83991735586a16f82\windows-amd64\native-platform.dll
0x00007ff809c90000 - 0x00007ff809dd4000 	C:\Users\grigo\.gradle\native\e376f236ea51e6404a007f0833ffe2c6e607c4080706a723a18a27aeea778392\windows-amd64\native-platform-file-events.dll
0x00007ff842190000 - 0x00007ff842199000 	C:\Program Files\Android\Android Studio\jbr\bin\management.dll
0x00007ff842180000 - 0x00007ff84218b000 	C:\Program Files\Android\Android Studio\jbr\bin\management_ext.dll
0x00007ff846630000 - 0x00007ff846638000 	C:\WINDOWS\System32\PSAPI.DLL
0x00007ff843b80000 - 0x00007ff843b98000 	C:\WINDOWS\SYSTEM32\CRYPTSP.dll
0x00007ff8428a0000 - 0x00007ff8428d4000 	C:\WINDOWS\system32\rsaenh.dll
0x00007ff843dd0000 - 0x00007ff843dfe000 	C:\WINDOWS\SYSTEM32\USERENV.dll
0x00007ff843170000 - 0x00007ff84317c000 	C:\WINDOWS\SYSTEM32\CRYPTBASE.dll
0x00007ff842c00000 - 0x00007ff842c3b000 	C:\WINDOWS\SYSTEM32\IPHLPAPI.DLL
0x00007ff844a80000 - 0x00007ff844a88000 	C:\WINDOWS\System32\NSI.dll
0x00007ff8392c0000 - 0x00007ff8392d7000 	C:\WINDOWS\SYSTEM32\dhcpcsvc6.DLL
0x00007ff83a0e0000 - 0x00007ff83a0fd000 	C:\WINDOWS\SYSTEM32\dhcpcsvc.DLL
0x00007ff842c40000 - 0x00007ff842d0a000 	C:\WINDOWS\SYSTEM32\DNSAPI.dll
0x00007ff841cc0000 - 0x00007ff841cc7000 	C:\WINDOWS\system32\wshunix.dll
0x00007ff83bf40000 - 0x00007ff83bf4a000 	C:\Windows\System32\rasadhlp.dll
0x00007ff830200000 - 0x00007ff830280000 	C:\WINDOWS\System32\fwpuclnt.dll
0x00007ff843b40000 - 0x00007ff843b73000 	C:\WINDOWS\SYSTEM32\ntmarta.dll

dbghelp: loaded successfully - version: 4.0.5 - missing functions: none
symbol engine: initialized successfully - sym options: 0x614 - pdb path: .;C:\Program Files\Android\Android Studio\jbr\bin;C:\WINDOWS\SYSTEM32;C:\WINDOWS\WinSxS\amd64_microsoft.windows.common-controls_6595b64144ccf1df_6.0.19041.3636_none_60b6a03d71f818d5;C:\Program Files\Android\Android Studio\jbr\bin\server;C:\Users\grigo\.gradle\native\68d5fa5c4cc2d200863cafc0d521ce42e7d3e7ee720ec0a83991735586a16f82\windows-amd64;C:\Users\grigo\.gradle\native\e376f236ea51e6404a007f0833ffe2c6e607c4080706a723a18a27aeea778392\windows-amd64

VM Arguments:
jvm_args: --add-opens=java.base/java.util=ALL-UNNAMED --add-opens=java.base/java.lang=ALL-UNNAMED --add-opens=java.base/java.lang.invoke=ALL-UNNAMED --add-opens=java.prefs/java.util.prefs=ALL-UNNAMED --add-opens=java.base/java.nio.charset=ALL-UNNAMED --add-opens=java.base/java.net=ALL-UNNAMED --add-opens=java.base/java.util.concurrent.atomic=ALL-UNNAMED -Xmx4608m -Dfile.encoding=UTF-8 -Duser.country=RU -Duser.language=ru -Duser.variant 
java_command: org.gradle.launcher.daemon.bootstrap.GradleDaemon 8.0
java_class_path (initial): C:\Users\grigo\.gradle\wrapper\dists\gradle-8.0-bin\ca5e32bp14vu59qr306oxotwh\gradle-8.0\lib\gradle-launcher-8.0.jar
Launcher Type: SUN_STANDARD

[Global flags]
     intx CICompilerCount                          = 4                                         {product} {ergonomic}
     uint ConcGCThreads                            = 3                                         {product} {ergonomic}
     uint G1ConcRefinementThreads                  = 10                                        {product} {ergonomic}
   size_t G1HeapRegionSize                         = 4194304                                   {product} {ergonomic}
    uintx GCDrainStackTargetSize                   = 64                                        {product} {ergonomic}
   size_t InitialHeapSize                          = 100663296                                 {product} {ergonomic}
   size_t MarkStackSize                            = 4194304                                   {product} {ergonomic}
   size_t MaxHeapSize                              = 4831838208                                {product} {command line}
   size_t MaxNewSize                               = 2898264064                                {product} {ergonomic}
   size_t MinHeapDeltaBytes                        = 4194304                                   {product} {ergonomic}
   size_t MinHeapSize                              = 8388608                                   {product} {ergonomic}
    uintx NonNMethodCodeHeapSize                   = 5839372                                {pd product} {ergonomic}
    uintx NonProfiledCodeHeapSize                  = 122909434                              {pd product} {ergonomic}
    uintx ProfiledCodeHeapSize                     = 122909434                              {pd product} {ergonomic}
    uintx ReservedCodeCacheSize                    = 251658240                              {pd product} {ergonomic}
     bool SegmentedCodeCache                       = true                                      {product} {ergonomic}
   size_t SoftMaxHeapSize                          = 4831838208                             {manageable} {ergonomic}
     bool UseCompressedClassPointers               = true                           {product lp64_product} {ergonomic}
     bool UseCompressedOops                        = true                           {product lp64_product} {ergonomic}
     bool UseG1GC                                  = true                                      {product} {ergonomic}
     bool UseLargePagesIndividualAllocation        = false                                  {pd product} {ergonomic}

Logging:
Log output configuration:
 #0: stdout all=warning uptime,level,tags
 #1: stderr all=off uptime,level,tags

Environment Variables:
PATH=C:\Program Files\Common Files\Oracle\Java\javapath;C:\WINDOWS\system32;C:\WINDOWS;C:\WINDOWS\System32\Wbem;C:\WINDOWS\System32\WindowsPowerShell\v1.0\;C:\WINDOWS\System32\OpenSSH\;C:\Program Files\Git\cmd;C:\Program Files\nodejs\;C:\Users\grigo\OneDrive\Рабочий стол\w64devkit\bin;C:\Program Files\Java\jdk-21\bin;C:\Users\grigo\AppData\Local\Microsoft\WindowsApps;;C:\Users\grigo\AppData\Local\Programs\Microsoft VS Code\bin;C:\Program Files\JetBrains\IntelliJ IDEA 2023.1.4\bin;;C:\Users\grigo\AppData\Roaming\npm
USERNAME=grigo
OS=Windows_NT
PROCESSOR_IDENTIFIER=AMD64 Family 25 Model 80 Stepping 0, AuthenticAMD
TMP=C:\Users\grigo\AppData\Local\Temp
TEMP=C:\Users\grigo\AppData\Local\Temp


JNI global refs:
JNI global refs: 29, weak refs: 73

JNI global refs memory usage: 843, weak refs: 1473


---------------  S Y S T E M  ---------------

OS:
 Windows 10 , 64 bit Build 19041 (10.0.19041.3636)
OS uptime: 4 days 11:31 hours

CPU: total 12 (initial active 12) (12 cores per cpu, 2 threads per core) family 25 model 80 stepping 0 microcode 0x0, cx8, cmov, fxsr, ht, mmx, 3dnowpref, sse, sse2, sse3, ssse3, sse4a, sse4.1, sse4.2, popcnt, lzcnt, tsc, tscinvbit, avx, avx2, aes, erms, clmul, bmi1, bmi2, adx, sha, fma, vzeroupper, clflush, clflushopt

Memory: 4k page, system-wide physical 5996M (217M free)
TotalPageFile size 24428M (AvailPageFile size 129M)
current process WorkingSet (physical memory assigned to process): 295M, peak: 894M
current process commit charge ("private bytes"): 2403M, peak: 2747M

vm_info: OpenJDK 64-Bit Server VM (17.0.6+0-b2043.56-10027231) for windows-amd64 JRE (17.0.6+0-b2043.56-10027231), built on Apr 28 2023 00:43:19 by "androidbuild" with MS VC++ 16.10 / 16.11 (VS2019)

END.
